[12:50:17] waiting for AC power + Low Power Mode off...
[12:56:58] on AC, lowpowermode=0 -- starting in 60 s

[12:58:00] Archived existing threat/validation results to /Users/manav/Documents/pq-shield/results/archive/pre_rerun_20261002T125800

[12:58:00] === STEP 1: primitive micro-benchmark ===
==================================================================================
PQ-Shield primitive-level benchmark (2000 iterations per operation)
==================================================================================
operation                       mean us   median us     p99 us       ops/sec
----------------------------------------------------------------------------------
  ML-KEM-768
    keygen                         10.4        10.2       12.5        96,218
    encaps                         11.7        11.5       14.7        85,377
    decaps                         12.9        13.1       15.0        77,649
  ML-DSA-65
    keygen                         38.1        38.0       42.3        26,272
    sign                           83.3        67.9      246.1        12,002
    verify                         35.7        35.5       40.8        28,008
  Classical
    rsa2048_keygen              72938.0     62698.0   257378.1            14
    rsa2048_oaep_encrypt           24.4        24.3       27.3        41,017
    rsa2048_oaep_decrypt          844.0       811.3     1730.7         1,185
    ecdsa_p256_keygen              15.6        15.5       18.5        64,091
    ecdsa_p256_sign                21.0        21.0       23.7        47,594
    ecdsa_p256_verify              46.3        46.3       54.2        21,614
    x25519_keygen                  81.6        80.7       93.5        12,251
    x25519_exchange               137.7       137.2      150.1         7,262

Hardware-independent ordering checks
----------------------------------------------------------------------------------
  [HOLDS] ML-DSA-65 verification is faster than ML-DSA-65 signing
           ml_dsa_65_sign_mean_us: 83.32
           ml_dsa_65_verify_mean_us: 35.70
           sign_p99_us: 246.12
           sign_p99_over_median: 3.63
  [HOLDS] ML-KEM-768 key generation is faster than RSA-2048 key generation
           ml_kem_768_keygen_mean_us: 10.39
           rsa2048_keygen_mean_us: 72,938.01
           speedup_factor: 7,017.91
           speedup_factor_median: 6,166.80
  [HOLDS] ML-DSA-65 verification is not slower than ECDSA P-256 verification (H4)
           ml_dsa_65_verify_mean_us: 35.70
           ecdsa_p256_verify_mean_us: 46.27
           ratio_mldsa_over_ecdsa: 0.77

Calibration against published ML-KEM-768 figures (scale factor, not a check)
----------------------------------------------------------------------------------
  keygen   this host     96,218 ops/s  vs  Raspberry Pi 4B (ARM Cortex-A72)        2,539 ops/s  (37.90x)
  encaps   this host     85,377 ops/s  vs  Raspberry Pi 4B (ARM Cortex-A72)        3,905 ops/s  (21.86x)
  decaps   this host     77,649 ops/s  vs  Raspberry Pi 4B (ARM Cortex-A72)        2,572 ops/s  (30.20x)
  keygen   this host     96,218 ops/s  vs  Raspberry Pi 5 (ARM Cortex-A76)        13,977 ops/s  (6.88x)
  encaps   this host     85,377 ops/s  vs  Raspberry Pi 5 (ARM Cortex-A76)        11,901 ops/s  (7.17x)
  decaps   this host     77,649 ops/s  vs  Raspberry Pi 5 (ARM Cortex-A76)         9,614 ops/s  (8.08x)

Cold-start signing cost: FIRST sign call of a fresh process (8 processes/algorithm, 2500-byte message)
----------------------------------------------------------------------------------
  ECDSA P-256    cold mean=  4.697ms  median=  4.339ms  range=[4.148, 7.237]ms   vs. warm-loop mean: 224x
  ML-DSA-65      cold mean=  0.097ms  median=  0.094ms  range=[0.068, 0.141]ms   vs. warm-loop mean: 1x

[12:58:18] STEP 1 done in 0.3 min

[12:58:18] === STEP 2: concurrency matrix ===
run_id=20261002T125818 network_profile=localhost

=== Starting server: control (api.server:app), payload_profile=tabular_small ===
Server healthy (pid=83789).
  -> control | concurrency=10 | rep=1 | requests=100
     done in 2.66s, 37.6 req/s, 0 errors, server 42% CPU -> /Users/manav/Documents/pq-shield/results/raw/control-tabular_small-c10-r1-20261002T125818.csv
  -> control | concurrency=10 | rep=2 | requests=100
     done in 2.62s, 38.2 req/s, 0 errors, server 45% CPU -> /Users/manav/Documents/pq-shield/results/raw/control-tabular_small-c10-r2-20261002T125818.csv
  -> control | concurrency=10 | rep=3 | requests=100
     done in 2.58s, 38.8 req/s, 0 errors, server 45% CPU -> /Users/manav/Documents/pq-shield/results/raw/control-tabular_small-c10-r3-20261002T125818.csv
  -> control | concurrency=10 | rep=4 | requests=100
     done in 2.67s, 37.5 req/s, 0 errors, server 43% CPU -> /Users/manav/Documents/pq-shield/results/raw/control-tabular_small-c10-r4-20261002T125818.csv
  -> control | concurrency=10 | rep=5 | requests=100
     done in 2.59s, 38.7 req/s, 0 errors, server 44% CPU -> /Users/manav/Documents/pq-shield/results/raw/control-tabular_small-c10-r5-20261002T125818.csv
  -> control | concurrency=100 | rep=1 | requests=1000
     done in 25.74s, 38.8 req/s, 0 errors, server 46% CPU -> /Users/manav/Documents/pq-shield/results/raw/control-tabular_small-c100-r1-20261002T125818.csv
  -> control | concurrency=100 | rep=2 | requests=1000
     done in 25.70s, 38.9 req/s, 0 errors, server 46% CPU -> /Users/manav/Documents/pq-shield/results/raw/control-tabular_small-c100-r2-20261002T125818.csv
  -> control | concurrency=100 | rep=3 | requests=1000
     done in 25.70s, 38.9 req/s, 0 errors, server 45% CPU -> /Users/manav/Documents/pq-shield/results/raw/control-tabular_small-c100-r3-20261002T125818.csv
  -> control | concurrency=100 | rep=4 | requests=1000
     done in 25.79s, 38.8 req/s, 0 errors, server 45% CPU -> /Users/manav/Documents/pq-shield/results/raw/control-tabular_small-c100-r4-20261002T125818.csv
  -> control | concurrency=100 | rep=5 | requests=1000
     done in 25.70s, 38.9 req/s, 0 errors, server 45% CPU -> /Users/manav/Documents/pq-shield/results/raw/control-tabular_small-c100-r5-20261002T125818.csv
  -> control | concurrency=1000 | rep=1 | requests=10000
     done in 92.20s, 108.5 req/s, 6626 errors, server 43% CPU -> /Users/manav/Documents/pq-shield/results/raw/control-tabular_small-c1000-r1-20261002T125818.csv
  -> control | concurrency=1000 | rep=2 | requests=10000
     done in 124.27s, 80.5 req/s, 5310 errors, server 43% CPU -> /Users/manav/Documents/pq-shield/results/raw/control-tabular_small-c1000-r2-20261002T125818.csv
  -> control | concurrency=1000 | rep=3 | requests=10000
     done in 126.57s, 79.0 req/s, 5203 errors, server 43% CPU -> /Users/manav/Documents/pq-shield/results/raw/control-tabular_small-c1000-r3-20261002T125818.csv
  -> control | concurrency=1000 | rep=4 | requests=10000
     done in 120.59s, 82.9 req/s, 5686 errors, server 43% CPU -> /Users/manav/Documents/pq-shield/results/raw/control-tabular_small-c1000-r4-20261002T125818.csv
  -> control | concurrency=1000 | rep=5 | requests=10000
     done in 120.72s, 82.8 req/s, 5485 errors, server 43% CPU -> /Users/manav/Documents/pq-shield/results/raw/control-tabular_small-c1000-r5-20261002T125818.csv
Stopping server: control

=== Starting server: classical (api.server_config_a:app), payload_profile=tabular_small ===
Server healthy (pid=86410).
  -> classical | concurrency=10 | rep=1 | requests=100
     done in 1.73s, 57.8 req/s, 0 errors, server 460% CPU -> /Users/manav/Documents/pq-shield/results/raw/classical-tabular_small-c10-r1-20261002T125818.csv
  -> classical | concurrency=10 | rep=2 | requests=100
     done in 1.81s, 55.2 req/s, 0 errors, server 463% CPU -> /Users/manav/Documents/pq-shield/results/raw/classical-tabular_small-c10-r2-20261002T125818.csv
  -> classical | concurrency=10 | rep=3 | requests=100
     done in 2.03s, 49.2 req/s, 0 errors, server 487% CPU -> /Users/manav/Documents/pq-shield/results/raw/classical-tabular_small-c10-r3-20261002T125818.csv
  -> classical | concurrency=10 | rep=4 | requests=100
     done in 2.12s, 47.2 req/s, 0 errors, server 520% CPU -> /Users/manav/Documents/pq-shield/results/raw/classical-tabular_small-c10-r4-20261002T125818.csv
  -> classical | concurrency=10 | rep=5 | requests=100
     done in 1.90s, 52.6 req/s, 0 errors, server 471% CPU -> /Users/manav/Documents/pq-shield/results/raw/classical-tabular_small-c10-r5-20261002T125818.csv
  -> classical | concurrency=100 | rep=1 | requests=1000
     done in 30.71s, 32.6 req/s, 0 errors, server 310% CPU -> /Users/manav/Documents/pq-shield/results/raw/classical-tabular_small-c100-r1-20261002T125818.csv
  -> classical | concurrency=100 | rep=2 | requests=1000
     done in 28.37s, 35.3 req/s, 0 errors, server 342% CPU -> /Users/manav/Documents/pq-shield/results/raw/classical-tabular_small-c100-r2-20261002T125818.csv
  -> classical | concurrency=100 | rep=3 | requests=1000
     done in 27.74s, 36.1 req/s, 2 errors, server 349% CPU -> /Users/manav/Documents/pq-shield/results/raw/classical-tabular_small-c100-r3-20261002T125818.csv
  -> classical | concurrency=100 | rep=4 | requests=1000
     done in 25.76s, 38.8 req/s, 0 errors, server 394% CPU -> /Users/manav/Documents/pq-shield/results/raw/classical-tabular_small-c100-r4-20261002T125818.csv
  -> classical | concurrency=100 | rep=5 | requests=1000
     done in 27.70s, 36.1 req/s, 3 errors, server 360% CPU -> /Users/manav/Documents/pq-shield/results/raw/classical-tabular_small-c100-r5-20261002T125818.csv
  -> classical | concurrency=1000 | rep=1 | requests=10000
     done in 292.59s, 34.2 req/s, 165 errors, server 384% CPU -> /Users/manav/Documents/pq-shield/results/raw/classical-tabular_small-c1000-r1-20261002T125818.csv
  -> classical | concurrency=1000 | rep=2 | requests=10000
     done in 305.06s, 32.8 req/s, 116 errors, server 367% CPU -> /Users/manav/Documents/pq-shield/results/raw/classical-tabular_small-c1000-r2-20261002T125818.csv
  -> classical | concurrency=1000 | rep=3 | requests=10000
     done in 299.63s, 33.4 req/s, 129 errors, server 385% CPU -> /Users/manav/Documents/pq-shield/results/raw/classical-tabular_small-c1000-r3-20261002T125818.csv
  -> classical | concurrency=1000 | rep=4 | requests=10000
     done in 305.26s, 32.8 req/s, 170 errors, server 374% CPU -> /Users/manav/Documents/pq-shield/results/raw/classical-tabular_small-c1000-r4-20261002T125818.csv
  -> classical | concurrency=1000 | rep=5 | requests=10000
     done in 318.28s, 31.4 req/s, 140 errors, server 372% CPU -> /Users/manav/Documents/pq-shield/results/raw/classical-tabular_small-c1000-r5-20261002T125818.csv
Stopping server: classical

=== Starting server: classical-ecdhe (api.server_config_ecdhe:app), payload_profile=tabular_small ===
Server healthy (pid=90946).
  -> classical-ecdhe | concurrency=10 | rep=1 | requests=100
     done in 0.97s, 103.0 req/s, 0 errors, server 92% CPU -> /Users/manav/Documents/pq-shield/results/raw/classical-ecdhe-tabular_small-c10-r1-20261002T125818.csv
  -> classical-ecdhe | concurrency=10 | rep=2 | requests=100
     done in 0.97s, 103.2 req/s, 0 errors, server 92% CPU -> /Users/manav/Documents/pq-shield/results/raw/classical-ecdhe-tabular_small-c10-r2-20261002T125818.csv
  -> classical-ecdhe | concurrency=10 | rep=3 | requests=100
     done in 0.97s, 102.8 req/s, 0 errors, server 93% CPU -> /Users/manav/Documents/pq-shield/results/raw/classical-ecdhe-tabular_small-c10-r3-20261002T125818.csv
  -> classical-ecdhe | concurrency=10 | rep=4 | requests=100
     done in 1.01s, 99.5 req/s, 0 errors, server 89% CPU -> /Users/manav/Documents/pq-shield/results/raw/classical-ecdhe-tabular_small-c10-r4-20261002T125818.csv
  -> classical-ecdhe | concurrency=10 | rep=5 | requests=100
     done in 1.01s, 99.4 req/s, 0 errors, server 92% CPU -> /Users/manav/Documents/pq-shield/results/raw/classical-ecdhe-tabular_small-c10-r5-20261002T125818.csv
  -> classical-ecdhe | concurrency=100 | rep=1 | requests=1000
     done in 12.76s, 78.4 req/s, 0 errors, server 93% CPU -> /Users/manav/Documents/pq-shield/results/raw/classical-ecdhe-tabular_small-c100-r1-20261002T125818.csv
  -> classical-ecdhe | concurrency=100 | rep=2 | requests=1000
     done in 19.95s, 50.1 req/s, 1 errors, server 58% CPU -> /Users/manav/Documents/pq-shield/results/raw/classical-ecdhe-tabular_small-c100-r2-20261002T125818.csv
  -> classical-ecdhe | concurrency=100 | rep=3 | requests=1000
     done in 18.80s, 53.2 req/s, 0 errors, server 62% CPU -> /Users/manav/Documents/pq-shield/results/raw/classical-ecdhe-tabular_small-c100-r3-20261002T125818.csv
  -> classical-ecdhe | concurrency=100 | rep=4 | requests=1000
     done in 18.68s, 53.5 req/s, 3 errors, server 62% CPU -> /Users/manav/Documents/pq-shield/results/raw/classical-ecdhe-tabular_small-c100-r4-20261002T125818.csv
  -> classical-ecdhe | concurrency=100 | rep=5 | requests=1000
     done in 18.65s, 53.6 req/s, 0 errors, server 62% CPU -> /Users/manav/Documents/pq-shield/results/raw/classical-ecdhe-tabular_small-c100-r5-20261002T125818.csv
  -> classical-ecdhe | concurrency=1000 | rep=1 | requests=10000
     done in 219.67s, 45.5 req/s, 147 errors, server 56% CPU -> /Users/manav/Documents/pq-shield/results/raw/classical-ecdhe-tabular_small-c1000-r1-20261002T125818.csv
  -> classical-ecdhe | concurrency=1000 | rep=2 | requests=10000
     done in 212.25s, 47.1 req/s, 142 errors, server 58% CPU -> /Users/manav/Documents/pq-shield/results/raw/classical-ecdhe-tabular_small-c1000-r2-20261002T125818.csv
  -> classical-ecdhe | concurrency=1000 | rep=3 | requests=10000
     done in 216.48s, 46.2 req/s, 112 errors, server 57% CPU -> /Users/manav/Documents/pq-shield/results/raw/classical-ecdhe-tabular_small-c1000-r3-20261002T125818.csv
  -> classical-ecdhe | concurrency=1000 | rep=4 | requests=10000
     done in 218.04s, 45.9 req/s, 153 errors, server 56% CPU -> /Users/manav/Documents/pq-shield/results/raw/classical-ecdhe-tabular_small-c1000-r4-20261002T125818.csv
  -> classical-ecdhe | concurrency=1000 | rep=5 | requests=10000
     done in 217.62s, 46.0 req/s, 141 errors, server 56% CPU -> /Users/manav/Documents/pq-shield/results/raw/classical-ecdhe-tabular_small-c1000-r5-20261002T125818.csv
Stopping server: classical-ecdhe

=== Starting server: hybrid (api.server_config_b:app), payload_profile=tabular_small ===
Server healthy (pid=94137).
  -> hybrid | concurrency=10 | rep=1 | requests=100
     done in 0.99s, 101.2 req/s, 0 errors, server 92% CPU -> /Users/manav/Documents/pq-shield/results/raw/hybrid-tabular_small-c10-r1-20261002T125818.csv
  -> hybrid | concurrency=10 | rep=2 | requests=100
     done in 0.97s, 103.4 req/s, 0 errors, server 93% CPU -> /Users/manav/Documents/pq-shield/results/raw/hybrid-tabular_small-c10-r2-20261002T125818.csv
  -> hybrid | concurrency=10 | rep=3 | requests=100
     done in 0.99s, 101.0 req/s, 0 errors, server 90% CPU -> /Users/manav/Documents/pq-shield/results/raw/hybrid-tabular_small-c10-r3-20261002T125818.csv
  -> hybrid | concurrency=10 | rep=4 | requests=100
     done in 0.96s, 104.2 req/s, 0 errors, server 93% CPU -> /Users/manav/Documents/pq-shield/results/raw/hybrid-tabular_small-c10-r4-20261002T125818.csv
  -> hybrid | concurrency=10 | rep=5 | requests=100
     done in 0.99s, 100.6 req/s, 0 errors, server 92% CPU -> /Users/manav/Documents/pq-shield/results/raw/hybrid-tabular_small-c10-r5-20261002T125818.csv
  -> hybrid | concurrency=100 | rep=1 | requests=1000
     done in 19.26s, 51.9 req/s, 2 errors, server 60% CPU -> /Users/manav/Documents/pq-shield/results/raw/hybrid-tabular_small-c100-r1-20261002T125818.csv
  -> hybrid | concurrency=100 | rep=2 | requests=1000
     done in 12.74s, 78.5 req/s, 0 errors, server 93% CPU -> /Users/manav/Documents/pq-shield/results/raw/hybrid-tabular_small-c100-r2-20261002T125818.csv
  -> hybrid | concurrency=100 | rep=3 | requests=1000
     done in 18.75s, 53.3 req/s, 0 errors, server 62% CPU -> /Users/manav/Documents/pq-shield/results/raw/hybrid-tabular_small-c100-r3-20261002T125818.csv
  -> hybrid | concurrency=100 | rep=4 | requests=1000
     done in 12.76s, 78.4 req/s, 0 errors, server 93% CPU -> /Users/manav/Documents/pq-shield/results/raw/hybrid-tabular_small-c100-r4-20261002T125818.csv
  -> hybrid | concurrency=100 | rep=5 | requests=1000
     done in 12.72s, 78.6 req/s, 0 errors, server 93% CPU -> /Users/manav/Documents/pq-shield/results/raw/hybrid-tabular_small-c100-r5-20261002T125818.csv
  -> hybrid | concurrency=1000 | rep=1 | requests=10000
     done in 215.63s, 46.4 req/s, 129 errors, server 56% CPU -> /Users/manav/Documents/pq-shield/results/raw/hybrid-tabular_small-c1000-r1-20261002T125818.csv
  -> hybrid | concurrency=1000 | rep=2 | requests=10000
     done in 205.34s, 48.7 req/s, 157 errors, server 59% CPU -> /Users/manav/Documents/pq-shield/results/raw/hybrid-tabular_small-c1000-r2-20261002T125818.csv
  -> hybrid | concurrency=1000 | rep=3 | requests=10000
     done in 211.39s, 47.3 req/s, 161 errors, server 57% CPU -> /Users/manav/Documents/pq-shield/results/raw/hybrid-tabular_small-c1000-r3-20261002T125818.csv
  -> hybrid | concurrency=1000 | rep=4 | requests=10000
     done in 208.17s, 48.0 req/s, 108 errors, server 59% CPU -> /Users/manav/Documents/pq-shield/results/raw/hybrid-tabular_small-c1000-r4-20261002T125818.csv
  -> hybrid | concurrency=1000 | rep=5 | requests=10000
     done in 208.03s, 48.1 req/s, 151 errors, server 58% CPU -> /Users/manav/Documents/pq-shield/results/raw/hybrid-tabular_small-c1000-r5-20261002T125818.csv
Stopping server: hybrid

=== Starting server: full-pqc (api.server_config_c:app), payload_profile=tabular_small ===
Server healthy (pid=97234).
  -> full-pqc | concurrency=10 | rep=1 | requests=100
     done in 1.02s, 98.4 req/s, 0 errors, server 96% CPU -> /Users/manav/Documents/pq-shield/results/raw/full-pqc-tabular_small-c10-r1-20261002T125818.csv
  -> full-pqc | concurrency=10 | rep=2 | requests=100
     done in 0.98s, 101.7 req/s, 0 errors, server 90% CPU -> /Users/manav/Documents/pq-shield/results/raw/full-pqc-tabular_small-c10-r2-20261002T125818.csv
  -> full-pqc | concurrency=10 | rep=3 | requests=100
     done in 0.95s, 105.1 req/s, 0 errors, server 94% CPU -> /Users/manav/Documents/pq-shield/results/raw/full-pqc-tabular_small-c10-r3-20261002T125818.csv
  -> full-pqc | concurrency=10 | rep=4 | requests=100
     done in 0.96s, 104.2 req/s, 0 errors, server 94% CPU -> /Users/manav/Documents/pq-shield/results/raw/full-pqc-tabular_small-c10-r4-20261002T125818.csv
  -> full-pqc | concurrency=10 | rep=5 | requests=100
     done in 0.99s, 101.2 req/s, 0 errors, server 93% CPU -> /Users/manav/Documents/pq-shield/results/raw/full-pqc-tabular_small-c10-r5-20261002T125818.csv
  -> full-pqc | concurrency=100 | rep=1 | requests=1000
     done in 18.91s, 52.9 req/s, 1 errors, server 61% CPU -> /Users/manav/Documents/pq-shield/results/raw/full-pqc-tabular_small-c100-r1-20261002T125818.csv
  -> full-pqc | concurrency=100 | rep=2 | requests=1000
     done in 18.72s, 53.4 req/s, 1 errors, server 62% CPU -> /Users/manav/Documents/pq-shield/results/raw/full-pqc-tabular_small-c100-r2-20261002T125818.csv
  -> full-pqc | concurrency=100 | rep=3 | requests=1000
     done in 12.75s, 78.4 req/s, 0 errors, server 93% CPU -> /Users/manav/Documents/pq-shield/results/raw/full-pqc-tabular_small-c100-r3-20261002T125818.csv
  -> full-pqc | concurrency=100 | rep=4 | requests=1000
     done in 18.74s, 53.3 req/s, 2 errors, server 62% CPU -> /Users/manav/Documents/pq-shield/results/raw/full-pqc-tabular_small-c100-r4-20261002T125818.csv
  -> full-pqc | concurrency=100 | rep=5 | requests=1000
     done in 18.78s, 53.2 req/s, 1 errors, server 62% CPU -> /Users/manav/Documents/pq-shield/results/raw/full-pqc-tabular_small-c100-r5-20261002T125818.csv
  -> full-pqc | concurrency=1000 | rep=1 | requests=10000
     done in 201.78s, 49.6 req/s, 128 errors, server 60% CPU -> /Users/manav/Documents/pq-shield/results/raw/full-pqc-tabular_small-c1000-r1-20261002T125818.csv
  -> full-pqc | concurrency=1000 | rep=2 | requests=10000
     done in 207.16s, 48.3 req/s, 152 errors, server 59% CPU -> /Users/manav/Documents/pq-shield/results/raw/full-pqc-tabular_small-c1000-r2-20261002T125818.csv
  -> full-pqc | concurrency=1000 | rep=3 | requests=10000
     done in 207.67s, 48.2 req/s, 171 errors, server 58% CPU -> /Users/manav/Documents/pq-shield/results/raw/full-pqc-tabular_small-c1000-r3-20261002T125818.csv
  -> full-pqc | concurrency=1000 | rep=4 | requests=10000
     done in 216.92s, 46.1 req/s, 142 errors, server 56% CPU -> /Users/manav/Documents/pq-shield/results/raw/full-pqc-tabular_small-c1000-r4-20261002T125818.csv
  -> full-pqc | concurrency=1000 | rep=5 | requests=10000
     done in 215.72s, 46.4 req/s, 168 errors, server 56% CPU -> /Users/manav/Documents/pq-shield/results/raw/full-pqc-tabular_small-c1000-r5-20261002T125818.csv
Stopping server: full-pqc

Wrote per-cell summary (incl. resource usage) to /Users/manav/Documents/pq-shield/results/sweep_summaries/20261002T125818.json

[14:36:00] STEP 2 done in 97.7 min

[14:36:00] === STEP 3: payload-shape sweep ===
run_id=20261002T143600 network_profile=localhost

=== Starting server: control (api.server:app), payload_profile=tabular_small ===
Server healthy (pid=530).
  -> control | concurrency=10 | rep=1 | requests=100
     done in 2.67s, 37.5 req/s, 0 errors, server 41% CPU -> /Users/manav/Documents/pq-shield/results/raw/control-tabular_small-c10-r1-20261002T143600.csv
  -> control | concurrency=10 | rep=2 | requests=100
     done in 2.61s, 38.3 req/s, 0 errors, server 43% CPU -> /Users/manav/Documents/pq-shield/results/raw/control-tabular_small-c10-r2-20261002T143600.csv
  -> control | concurrency=10 | rep=3 | requests=100
     done in 2.60s, 38.5 req/s, 0 errors, server 42% CPU -> /Users/manav/Documents/pq-shield/results/raw/control-tabular_small-c10-r3-20261002T143600.csv
  -> control | concurrency=10 | rep=4 | requests=100
     done in 2.62s, 38.2 req/s, 0 errors, server 43% CPU -> /Users/manav/Documents/pq-shield/results/raw/control-tabular_small-c10-r4-20261002T143600.csv
  -> control | concurrency=10 | rep=5 | requests=100
     done in 2.62s, 38.1 req/s, 0 errors, server 42% CPU -> /Users/manav/Documents/pq-shield/results/raw/control-tabular_small-c10-r5-20261002T143600.csv
Stopping server: control

=== Starting server: classical (api.server_config_a:app), payload_profile=tabular_small ===
Server healthy (pid=608).
  -> classical | concurrency=10 | rep=1 | requests=100
     done in 1.73s, 57.8 req/s, 0 errors, server 488% CPU -> /Users/manav/Documents/pq-shield/results/raw/classical-tabular_small-c10-r1-20261002T143600.csv
  -> classical | concurrency=10 | rep=2 | requests=100
     done in 1.79s, 56.0 req/s, 0 errors, server 505% CPU -> /Users/manav/Documents/pq-shield/results/raw/classical-tabular_small-c10-r2-20261002T143600.csv
  -> classical | concurrency=10 | rep=3 | requests=100
     done in 1.95s, 51.4 req/s, 0 errors, server 518% CPU -> /Users/manav/Documents/pq-shield/results/raw/classical-tabular_small-c10-r3-20261002T143600.csv
  -> classical | concurrency=10 | rep=4 | requests=100
     done in 1.86s, 53.9 req/s, 0 errors, server 517% CPU -> /Users/manav/Documents/pq-shield/results/raw/classical-tabular_small-c10-r4-20261002T143600.csv
  -> classical | concurrency=10 | rep=5 | requests=100
     done in 1.81s, 55.1 req/s, 0 errors, server 488% CPU -> /Users/manav/Documents/pq-shield/results/raw/classical-tabular_small-c10-r5-20261002T143600.csv
Stopping server: classical

=== Starting server: classical-ecdhe (api.server_config_ecdhe:app), payload_profile=tabular_small ===
Server healthy (pid=677).
  -> classical-ecdhe | concurrency=10 | rep=1 | requests=100
     done in 0.99s, 100.9 req/s, 0 errors, server 91% CPU -> /Users/manav/Documents/pq-shield/results/raw/classical-ecdhe-tabular_small-c10-r1-20261002T143600.csv
  -> classical-ecdhe | concurrency=10 | rep=2 | requests=100
     done in 1.00s, 100.3 req/s, 0 errors, server 92% CPU -> /Users/manav/Documents/pq-shield/results/raw/classical-ecdhe-tabular_small-c10-r2-20261002T143600.csv
  -> classical-ecdhe | concurrency=10 | rep=3 | requests=100
     done in 0.99s, 100.6 req/s, 0 errors, server 92% CPU -> /Users/manav/Documents/pq-shield/results/raw/classical-ecdhe-tabular_small-c10-r3-20261002T143600.csv
  -> classical-ecdhe | concurrency=10 | rep=4 | requests=100
     done in 0.99s, 100.9 req/s, 0 errors, server 92% CPU -> /Users/manav/Documents/pq-shield/results/raw/classical-ecdhe-tabular_small-c10-r4-20261002T143600.csv
  -> classical-ecdhe | concurrency=10 | rep=5 | requests=100
     done in 1.02s, 98.2 req/s, 0 errors, server 98% CPU -> /Users/manav/Documents/pq-shield/results/raw/classical-ecdhe-tabular_small-c10-r5-20261002T143600.csv
Stopping server: classical-ecdhe

=== Starting server: hybrid (api.server_config_b:app), payload_profile=tabular_small ===
Server healthy (pid=711).
  -> hybrid | concurrency=10 | rep=1 | requests=100
     done in 1.00s, 100.0 req/s, 0 errors, server 92% CPU -> /Users/manav/Documents/pq-shield/results/raw/hybrid-tabular_small-c10-r1-20261002T143600.csv
  -> hybrid | concurrency=10 | rep=2 | requests=100
     done in 1.01s, 99.4 req/s, 0 errors, server 89% CPU -> /Users/manav/Documents/pq-shield/results/raw/hybrid-tabular_small-c10-r2-20261002T143600.csv
  -> hybrid | concurrency=10 | rep=3 | requests=100
     done in 0.97s, 103.4 req/s, 0 errors, server 93% CPU -> /Users/manav/Documents/pq-shield/results/raw/hybrid-tabular_small-c10-r3-20261002T143600.csv
  -> hybrid | concurrency=10 | rep=4 | requests=100
     done in 0.97s, 102.6 req/s, 0 errors, server 93% CPU -> /Users/manav/Documents/pq-shield/results/raw/hybrid-tabular_small-c10-r4-20261002T143600.csv
  -> hybrid | concurrency=10 | rep=5 | requests=100
     done in 0.99s, 100.8 req/s, 0 errors, server 93% CPU -> /Users/manav/Documents/pq-shield/results/raw/hybrid-tabular_small-c10-r5-20261002T143600.csv
Stopping server: hybrid

=== Starting server: full-pqc (api.server_config_c:app), payload_profile=tabular_small ===
Server healthy (pid=763).
  -> full-pqc | concurrency=10 | rep=1 | requests=100
     done in 0.98s, 101.8 req/s, 0 errors, server 94% CPU -> /Users/manav/Documents/pq-shield/results/raw/full-pqc-tabular_small-c10-r1-20261002T143600.csv
  -> full-pqc | concurrency=10 | rep=2 | requests=100
     done in 1.00s, 100.1 req/s, 0 errors, server 91% CPU -> /Users/manav/Documents/pq-shield/results/raw/full-pqc-tabular_small-c10-r2-20261002T143600.csv
  -> full-pqc | concurrency=10 | rep=3 | requests=100
     done in 0.96s, 103.9 req/s, 0 errors, server 94% CPU -> /Users/manav/Documents/pq-shield/results/raw/full-pqc-tabular_small-c10-r3-20261002T143600.csv
  -> full-pqc | concurrency=10 | rep=4 | requests=100
     done in 0.99s, 101.2 req/s, 0 errors, server 93% CPU -> /Users/manav/Documents/pq-shield/results/raw/full-pqc-tabular_small-c10-r4-20261002T143600.csv
  -> full-pqc | concurrency=10 | rep=5 | requests=100
     done in 1.00s, 100.4 req/s, 0 errors, server 93% CPU -> /Users/manav/Documents/pq-shield/results/raw/full-pqc-tabular_small-c10-r5-20261002T143600.csv
Stopping server: full-pqc

Wrote per-cell summary (incl. resource usage) to /Users/manav/Documents/pq-shield/results/sweep_summaries/20261002T143600.json
run_id=20261002T143650 network_profile=localhost

=== Starting server: control (api.server:app), payload_profile=image_cnn ===
Server healthy (pid=788).
  -> control | concurrency=10 | rep=1 | requests=100
     done in 0.09s, 1103.2 req/s, 0 errors, server 0% CPU -> /Users/manav/Documents/pq-shield/results/raw/control-image_cnn-c10-r1-20261002T143650.csv
  -> control | concurrency=10 | rep=2 | requests=100
     done in 0.06s, 1544.7 req/s, 0 errors, server 0% CPU -> /Users/manav/Documents/pq-shield/results/raw/control-image_cnn-c10-r2-20261002T143650.csv
  -> control | concurrency=10 | rep=3 | requests=100
     done in 0.07s, 1463.9 req/s, 0 errors, server 0% CPU -> /Users/manav/Documents/pq-shield/results/raw/control-image_cnn-c10-r3-20261002T143650.csv
  -> control | concurrency=10 | rep=4 | requests=100
     done in 0.07s, 1347.2 req/s, 0 errors, server 0% CPU -> /Users/manav/Documents/pq-shield/results/raw/control-image_cnn-c10-r4-20261002T143650.csv
  -> control | concurrency=10 | rep=5 | requests=100
     done in 0.09s, 1118.0 req/s, 0 errors, server 0% CPU -> /Users/manav/Documents/pq-shield/results/raw/control-image_cnn-c10-r5-20261002T143650.csv
Stopping server: control

=== Starting server: classical (api.server_config_a:app), payload_profile=image_cnn ===
Server healthy (pid=835).
  -> classical | concurrency=10 | rep=1 | requests=100
     done in 1.37s, 73.1 req/s, 0 errors, server 624% CPU -> /Users/manav/Documents/pq-shield/results/raw/classical-image_cnn-c10-r1-20261002T143650.csv
  -> classical | concurrency=10 | rep=2 | requests=100
     done in 1.35s, 74.0 req/s, 0 errors, server 633% CPU -> /Users/manav/Documents/pq-shield/results/raw/classical-image_cnn-c10-r2-20261002T143650.csv
  -> classical | concurrency=10 | rep=3 | requests=100
     done in 1.36s, 73.4 req/s, 0 errors, server 624% CPU -> /Users/manav/Documents/pq-shield/results/raw/classical-image_cnn-c10-r3-20261002T143650.csv
  -> classical | concurrency=10 | rep=4 | requests=100
     done in 1.39s, 71.8 req/s, 0 errors, server 628% CPU -> /Users/manav/Documents/pq-shield/results/raw/classical-image_cnn-c10-r4-20261002T143650.csv
  -> classical | concurrency=10 | rep=5 | requests=100
     done in 1.49s, 67.3 req/s, 0 errors, server 633% CPU -> /Users/manav/Documents/pq-shield/results/raw/classical-image_cnn-c10-r5-20261002T143650.csv
Stopping server: classical

=== Starting server: classical-ecdhe (api.server_config_ecdhe:app), payload_profile=image_cnn ===
Server healthy (pid=872).
  -> classical-ecdhe | concurrency=10 | rep=1 | requests=100
     done in 0.20s, 509.8 req/s, 0 errors, server 0% CPU -> /Users/manav/Documents/pq-shield/results/raw/classical-ecdhe-image_cnn-c10-r1-20261002T143650.csv
  -> classical-ecdhe | concurrency=10 | rep=2 | requests=100
     done in 0.18s, 551.1 req/s, 0 errors, server 0% CPU -> /Users/manav/Documents/pq-shield/results/raw/classical-ecdhe-image_cnn-c10-r2-20261002T143650.csv
  -> classical-ecdhe | concurrency=10 | rep=3 | requests=100
     done in 0.22s, 462.1 req/s, 0 errors, server 0% CPU -> /Users/manav/Documents/pq-shield/results/raw/classical-ecdhe-image_cnn-c10-r3-20261002T143650.csv
  -> classical-ecdhe | concurrency=10 | rep=4 | requests=100
     done in 0.17s, 604.7 req/s, 0 errors, server 0% CPU -> /Users/manav/Documents/pq-shield/results/raw/classical-ecdhe-image_cnn-c10-r4-20261002T143650.csv
  -> classical-ecdhe | concurrency=10 | rep=5 | requests=100
     done in 0.17s, 590.7 req/s, 0 errors, server 0% CPU -> /Users/manav/Documents/pq-shield/results/raw/classical-ecdhe-image_cnn-c10-r5-20261002T143650.csv
Stopping server: classical-ecdhe

=== Starting server: hybrid (api.server_config_b:app), payload_profile=image_cnn ===
Server healthy (pid=901).
  -> hybrid | concurrency=10 | rep=1 | requests=100
     done in 0.19s, 516.4 req/s, 0 errors, server 0% CPU -> /Users/manav/Documents/pq-shield/results/raw/hybrid-image_cnn-c10-r1-20261002T143650.csv
  -> hybrid | concurrency=10 | rep=2 | requests=100
     done in 0.16s, 623.1 req/s, 0 errors, server 0% CPU -> /Users/manav/Documents/pq-shield/results/raw/hybrid-image_cnn-c10-r2-20261002T143650.csv
  -> hybrid | concurrency=10 | rep=3 | requests=100
     done in 0.15s, 666.4 req/s, 0 errors, server 0% CPU -> /Users/manav/Documents/pq-shield/results/raw/hybrid-image_cnn-c10-r3-20261002T143650.csv
  -> hybrid | concurrency=10 | rep=4 | requests=100
     done in 0.16s, 618.9 req/s, 0 errors, server 0% CPU -> /Users/manav/Documents/pq-shield/results/raw/hybrid-image_cnn-c10-r4-20261002T143650.csv
  -> hybrid | concurrency=10 | rep=5 | requests=100
     done in 0.16s, 627.8 req/s, 0 errors, server 0% CPU -> /Users/manav/Documents/pq-shield/results/raw/hybrid-image_cnn-c10-r5-20261002T143650.csv
Stopping server: hybrid

=== Starting server: full-pqc (api.server_config_c:app), payload_profile=image_cnn ===
Server healthy (pid=912).
  -> full-pqc | concurrency=10 | rep=1 | requests=100
     done in 0.20s, 504.7 req/s, 0 errors, server 0% CPU -> /Users/manav/Documents/pq-shield/results/raw/full-pqc-image_cnn-c10-r1-20261002T143650.csv
  -> full-pqc | concurrency=10 | rep=2 | requests=100
     done in 0.16s, 624.6 req/s, 0 errors, server 0% CPU -> /Users/manav/Documents/pq-shield/results/raw/full-pqc-image_cnn-c10-r2-20261002T143650.csv
  -> full-pqc | concurrency=10 | rep=3 | requests=100
     done in 0.17s, 604.4 req/s, 0 errors, server 0% CPU -> /Users/manav/Documents/pq-shield/results/raw/full-pqc-image_cnn-c10-r3-20261002T143650.csv
  -> full-pqc | concurrency=10 | rep=4 | requests=100
     done in 0.16s, 633.2 req/s, 0 errors, server 0% CPU -> /Users/manav/Documents/pq-shield/results/raw/full-pqc-image_cnn-c10-r4-20261002T143650.csv
  -> full-pqc | concurrency=10 | rep=5 | requests=100
     done in 0.16s, 634.2 req/s, 0 errors, server 0% CPU -> /Users/manav/Documents/pq-shield/results/raw/full-pqc-image_cnn-c10-r5-20261002T143650.csv
Stopping server: full-pqc

Wrote per-cell summary (incl. resource usage) to /Users/manav/Documents/pq-shield/results/sweep_summaries/20261002T143650.json
run_id=20261002T143712 network_profile=localhost

=== Starting server: control (api.server:app), payload_profile=embedding ===
Server healthy (pid=948).
  -> control | concurrency=10 | rep=1 | requests=100
     done in 0.09s, 1118.8 req/s, 0 errors, server 0% CPU -> /Users/manav/Documents/pq-shield/results/raw/control-embedding-c10-r1-20261002T143712.csv
  -> control | concurrency=10 | rep=2 | requests=100
     done in 0.07s, 1469.0 req/s, 0 errors, server 0% CPU -> /Users/manav/Documents/pq-shield/results/raw/control-embedding-c10-r2-20261002T143712.csv
  -> control | concurrency=10 | rep=3 | requests=100
     done in 0.07s, 1452.5 req/s, 0 errors, server 0% CPU -> /Users/manav/Documents/pq-shield/results/raw/control-embedding-c10-r3-20261002T143712.csv
  -> control | concurrency=10 | rep=4 | requests=100
     done in 0.07s, 1505.3 req/s, 0 errors, server 0% CPU -> /Users/manav/Documents/pq-shield/results/raw/control-embedding-c10-r4-20261002T143712.csv
  -> control | concurrency=10 | rep=5 | requests=100
     done in 0.09s, 1073.7 req/s, 0 errors, server 0% CPU -> /Users/manav/Documents/pq-shield/results/raw/control-embedding-c10-r5-20261002T143712.csv
Stopping server: control

=== Starting server: classical (api.server_config_a:app), payload_profile=embedding ===
Server healthy (pid=955).
  -> classical | concurrency=10 | rep=1 | requests=100
     done in 1.56s, 64.2 req/s, 0 errors, server 580% CPU -> /Users/manav/Documents/pq-shield/results/raw/classical-embedding-c10-r1-20261002T143712.csv
  -> classical | concurrency=10 | rep=2 | requests=100
     done in 1.47s, 68.1 req/s, 0 errors, server 615% CPU -> /Users/manav/Documents/pq-shield/results/raw/classical-embedding-c10-r2-20261002T143712.csv
  -> classical | concurrency=10 | rep=3 | requests=100
     done in 1.45s, 68.9 req/s, 0 errors, server 611% CPU -> /Users/manav/Documents/pq-shield/results/raw/classical-embedding-c10-r3-20261002T143712.csv
  -> classical | concurrency=10 | rep=4 | requests=100
     done in 1.47s, 67.8 req/s, 0 errors, server 609% CPU -> /Users/manav/Documents/pq-shield/results/raw/classical-embedding-c10-r4-20261002T143712.csv
  -> classical | concurrency=10 | rep=5 | requests=100
     done in 1.57s, 63.6 req/s, 0 errors, server 608% CPU -> /Users/manav/Documents/pq-shield/results/raw/classical-embedding-c10-r5-20261002T143712.csv
Stopping server: classical

=== Starting server: classical-ecdhe (api.server_config_ecdhe:app), payload_profile=embedding ===
Server healthy (pid=1008).
  -> classical-ecdhe | concurrency=10 | rep=1 | requests=100
     done in 0.20s, 497.2 req/s, 0 errors, server 0% CPU -> /Users/manav/Documents/pq-shield/results/raw/classical-ecdhe-embedding-c10-r1-20261002T143712.csv
  -> classical-ecdhe | concurrency=10 | rep=2 | requests=100
     done in 0.18s, 561.4 req/s, 0 errors, server 0% CPU -> /Users/manav/Documents/pq-shield/results/raw/classical-ecdhe-embedding-c10-r2-20261002T143712.csv
  -> classical-ecdhe | concurrency=10 | rep=3 | requests=100
     done in 0.17s, 594.7 req/s, 0 errors, server 0% CPU -> /Users/manav/Documents/pq-shield/results/raw/classical-ecdhe-embedding-c10-r3-20261002T143712.csv
  -> classical-ecdhe | concurrency=10 | rep=4 | requests=100
     done in 0.17s, 594.0 req/s, 0 errors, server 0% CPU -> /Users/manav/Documents/pq-shield/results/raw/classical-ecdhe-embedding-c10-r4-20261002T143712.csv
  -> classical-ecdhe | concurrency=10 | rep=5 | requests=100
     done in 0.18s, 569.8 req/s, 0 errors, server 0% CPU -> /Users/manav/Documents/pq-shield/results/raw/classical-ecdhe-embedding-c10-r5-20261002T143712.csv
Stopping server: classical-ecdhe

=== Starting server: hybrid (api.server_config_b:app), payload_profile=embedding ===
Server healthy (pid=1018).
  -> hybrid | concurrency=10 | rep=1 | requests=100
     done in 0.18s, 562.8 req/s, 0 errors, server 0% CPU -> /Users/manav/Documents/pq-shield/results/raw/hybrid-embedding-c10-r1-20261002T143712.csv
  -> hybrid | concurrency=10 | rep=2 | requests=100
     done in 0.15s, 658.1 req/s, 0 errors, server 0% CPU -> /Users/manav/Documents/pq-shield/results/raw/hybrid-embedding-c10-r2-20261002T143712.csv
  -> hybrid | concurrency=10 | rep=3 | requests=100
     done in 0.17s, 572.8 req/s, 0 errors, server 0% CPU -> /Users/manav/Documents/pq-shield/results/raw/hybrid-embedding-c10-r3-20261002T143712.csv
  -> hybrid | concurrency=10 | rep=4 | requests=100
     done in 0.16s, 620.1 req/s, 0 errors, server 0% CPU -> /Users/manav/Documents/pq-shield/results/raw/hybrid-embedding-c10-r4-20261002T143712.csv
  -> hybrid | concurrency=10 | rep=5 | requests=100
     done in 0.15s, 657.9 req/s, 0 errors, server 0% CPU -> /Users/manav/Documents/pq-shield/results/raw/hybrid-embedding-c10-r5-20261002T143712.csv
Stopping server: hybrid

=== Starting server: full-pqc (api.server_config_c:app), payload_profile=embedding ===
Server healthy (pid=1029).
  -> full-pqc | concurrency=10 | rep=1 | requests=100
     done in 0.19s, 516.4 req/s, 0 errors, server 0% CPU -> /Users/manav/Documents/pq-shield/results/raw/full-pqc-embedding-c10-r1-20261002T143712.csv
  -> full-pqc | concurrency=10 | rep=2 | requests=100
     done in 0.14s, 709.2 req/s, 0 errors, server 0% CPU -> /Users/manav/Documents/pq-shield/results/raw/full-pqc-embedding-c10-r2-20261002T143712.csv
  -> full-pqc | concurrency=10 | rep=3 | requests=100
     done in 0.15s, 645.7 req/s, 0 errors, server 0% CPU -> /Users/manav/Documents/pq-shield/results/raw/full-pqc-embedding-c10-r3-20261002T143712.csv
  -> full-pqc | concurrency=10 | rep=4 | requests=100
     done in 0.14s, 724.2 req/s, 0 errors, server 0% CPU -> /Users/manav/Documents/pq-shield/results/raw/full-pqc-embedding-c10-r4-20261002T143712.csv
  -> full-pqc | concurrency=10 | rep=5 | requests=100
     done in 0.15s, 662.5 req/s, 0 errors, server 0% CPU -> /Users/manav/Documents/pq-shield/results/raw/full-pqc-embedding-c10-r5-20261002T143712.csv
Stopping server: full-pqc

Wrote per-cell summary (incl. resource usage) to /Users/manav/Documents/pq-shield/results/sweep_summaries/20261002T143712.json
run_id=20261002T143735 network_profile=localhost

=== Starting server: control (api.server:app), payload_profile=llm_completion ===
Server healthy (pid=1041).
  -> control | concurrency=10 | rep=1 | requests=100
     done in 0.08s, 1264.0 req/s, 0 errors, server 0% CPU -> /Users/manav/Documents/pq-shield/results/raw/control-llm_completion-c10-r1-20261002T143735.csv
  -> control | concurrency=10 | rep=2 | requests=100
     done in 0.07s, 1535.9 req/s, 0 errors, server 0% CPU -> /Users/manav/Documents/pq-shield/results/raw/control-llm_completion-c10-r2-20261002T143735.csv
  -> control | concurrency=10 | rep=3 | requests=100
     done in 0.07s, 1435.5 req/s, 0 errors, server 0% CPU -> /Users/manav/Documents/pq-shield/results/raw/control-llm_completion-c10-r3-20261002T143735.csv
  -> control | concurrency=10 | rep=4 | requests=100
     done in 0.07s, 1436.8 req/s, 0 errors, server 0% CPU -> /Users/manav/Documents/pq-shield/results/raw/control-llm_completion-c10-r4-20261002T143735.csv
  -> control | concurrency=10 | rep=5 | requests=100
     done in 0.07s, 1441.1 req/s, 0 errors, server 0% CPU -> /Users/manav/Documents/pq-shield/results/raw/control-llm_completion-c10-r5-20261002T143735.csv
Stopping server: control

=== Starting server: classical (api.server_config_a:app), payload_profile=llm_completion ===
Server healthy (pid=1057).
  -> classical | concurrency=10 | rep=1 | requests=100
     done in 1.35s, 73.9 req/s, 0 errors, server 630% CPU -> /Users/manav/Documents/pq-shield/results/raw/classical-llm_completion-c10-r1-20261002T143735.csv
  -> classical | concurrency=10 | rep=2 | requests=100
     done in 1.25s, 79.8 req/s, 0 errors, server 589% CPU -> /Users/manav/Documents/pq-shield/results/raw/classical-llm_completion-c10-r2-20261002T143735.csv
  -> classical | concurrency=10 | rep=3 | requests=100
     done in 1.40s, 71.5 req/s, 0 errors, server 609% CPU -> /Users/manav/Documents/pq-shield/results/raw/classical-llm_completion-c10-r3-20261002T143735.csv
  -> classical | concurrency=10 | rep=4 | requests=100
     done in 1.61s, 62.0 req/s, 0 errors, server 620% CPU -> /Users/manav/Documents/pq-shield/results/raw/classical-llm_completion-c10-r4-20261002T143735.csv
  -> classical | concurrency=10 | rep=5 | requests=100
     done in 1.37s, 73.2 req/s, 0 errors, server 635% CPU -> /Users/manav/Documents/pq-shield/results/raw/classical-llm_completion-c10-r5-20261002T143735.csv
Stopping server: classical

=== Starting server: classical-ecdhe (api.server_config_ecdhe:app), payload_profile=llm_completion ===
Server healthy (pid=1105).
  -> classical-ecdhe | concurrency=10 | rep=1 | requests=100
     done in 0.19s, 536.1 req/s, 0 errors, server 0% CPU -> /Users/manav/Documents/pq-shield/results/raw/classical-ecdhe-llm_completion-c10-r1-20261002T143735.csv
  -> classical-ecdhe | concurrency=10 | rep=2 | requests=100
     done in 0.17s, 578.8 req/s, 0 errors, server 0% CPU -> /Users/manav/Documents/pq-shield/results/raw/classical-ecdhe-llm_completion-c10-r2-20261002T143735.csv
  -> classical-ecdhe | concurrency=10 | rep=3 | requests=100
     done in 0.19s, 513.8 req/s, 0 errors, server 0% CPU -> /Users/manav/Documents/pq-shield/results/raw/classical-ecdhe-llm_completion-c10-r3-20261002T143735.csv
  -> classical-ecdhe | concurrency=10 | rep=4 | requests=100
     done in 0.17s, 606.0 req/s, 0 errors, server 0% CPU -> /Users/manav/Documents/pq-shield/results/raw/classical-ecdhe-llm_completion-c10-r4-20261002T143735.csv
  -> classical-ecdhe | concurrency=10 | rep=5 | requests=100
     done in 0.17s, 594.5 req/s, 0 errors, server 0% CPU -> /Users/manav/Documents/pq-shield/results/raw/classical-ecdhe-llm_completion-c10-r5-20261002T143735.csv
Stopping server: classical-ecdhe

=== Starting server: hybrid (api.server_config_b:app), payload_profile=llm_completion ===
Server healthy (pid=1120).
  -> hybrid | concurrency=10 | rep=1 | requests=100
     done in 0.19s, 528.7 req/s, 0 errors, server 0% CPU -> /Users/manav/Documents/pq-shield/results/raw/hybrid-llm_completion-c10-r1-20261002T143735.csv
  -> hybrid | concurrency=10 | rep=2 | requests=100
     done in 0.14s, 722.3 req/s, 0 errors, server 0% CPU -> /Users/manav/Documents/pq-shield/results/raw/hybrid-llm_completion-c10-r2-20261002T143735.csv
  -> hybrid | concurrency=10 | rep=3 | requests=100
     done in 0.15s, 670.6 req/s, 0 errors, server 0% CPU -> /Users/manav/Documents/pq-shield/results/raw/hybrid-llm_completion-c10-r3-20261002T143735.csv
  -> hybrid | concurrency=10 | rep=4 | requests=100
     done in 0.15s, 657.8 req/s, 0 errors, server 0% CPU -> /Users/manav/Documents/pq-shield/results/raw/hybrid-llm_completion-c10-r4-20261002T143735.csv
  -> hybrid | concurrency=10 | rep=5 | requests=100
     done in 0.15s, 676.3 req/s, 0 errors, server 0% CPU -> /Users/manav/Documents/pq-shield/results/raw/hybrid-llm_completion-c10-r5-20261002T143735.csv
Stopping server: hybrid

=== Starting server: full-pqc (api.server_config_c:app), payload_profile=llm_completion ===
Server healthy (pid=1130).
  -> full-pqc | concurrency=10 | rep=1 | requests=100
     done in 0.19s, 537.8 req/s, 0 errors, server 0% CPU -> /Users/manav/Documents/pq-shield/results/raw/full-pqc-llm_completion-c10-r1-20261002T143735.csv
  -> full-pqc | concurrency=10 | rep=2 | requests=100
     done in 0.15s, 686.4 req/s, 0 errors, server 0% CPU -> /Users/manav/Documents/pq-shield/results/raw/full-pqc-llm_completion-c10-r2-20261002T143735.csv
  -> full-pqc | concurrency=10 | rep=3 | requests=100
     done in 0.14s, 706.1 req/s, 0 errors, server 0% CPU -> /Users/manav/Documents/pq-shield/results/raw/full-pqc-llm_completion-c10-r3-20261002T143735.csv
  -> full-pqc | concurrency=10 | rep=4 | requests=100
     done in 0.16s, 615.6 req/s, 0 errors, server 0% CPU -> /Users/manav/Documents/pq-shield/results/raw/full-pqc-llm_completion-c10-r4-20261002T143735.csv
  -> full-pqc | concurrency=10 | rep=5 | requests=100
     done in 0.14s, 691.1 req/s, 0 errors, server 0% CPU -> /Users/manav/Documents/pq-shield/results/raw/full-pqc-llm_completion-c10-r5-20261002T143735.csv
Stopping server: full-pqc

Wrote per-cell summary (incl. resource usage) to /Users/manav/Documents/pq-shield/results/sweep_summaries/20261002T143735.json

[14:37:57] STEP 3 done in 1.9 min

[14:37:57] === STEP 4: network-emulation sweep ===
run_id=20261002T143757 network_profile=localhost

=== Starting server: control (api.server:app), payload_profile=tabular_small ===
Server healthy (pid=1142).
  -> control | concurrency=10 | rep=1 | requests=100
[14:40:40] RESTART after Control endpoint fix: steps 12,3,4,5,6,7,8,9,10,11

[14:40:40] Archived existing threat/validation results to /Users/manav/Documents/pq-shield/results/archive/pre_rerun_20261002T144040

[14:40:40] === STEP 12: concurrency supplement: Control re-run + Hybrid-KEX ===
run_id=20261002T144040 network_profile=localhost

=== Starting server: control (api.server:app), payload_profile=tabular_small ===
Server healthy (pid=1986).
  -> control | concurrency=10 | rep=1 | requests=100
     done in 0.94s, 106.9 req/s, 0 errors, server 93% CPU -> /Users/manav/Documents/pq-shield/results/raw/control-tabular_small-c10-r1-20261002T144040.csv
  -> control | concurrency=10 | rep=2 | requests=100
     done in 0.91s, 109.3 req/s, 0 errors, server 94% CPU -> /Users/manav/Documents/pq-shield/results/raw/control-tabular_small-c10-r2-20261002T144040.csv
  -> control | concurrency=10 | rep=3 | requests=100
     done in 0.92s, 108.2 req/s, 0 errors, server 94% CPU -> /Users/manav/Documents/pq-shield/results/raw/control-tabular_small-c10-r3-20261002T144040.csv
  -> control | concurrency=10 | rep=4 | requests=100
     done in 0.96s, 104.2 req/s, 0 errors, server 90% CPU -> /Users/manav/Documents/pq-shield/results/raw/control-tabular_small-c10-r4-20261002T144040.csv
  -> control | concurrency=10 | rep=5 | requests=100
     done in 0.94s, 106.4 req/s, 0 errors, server 93% CPU -> /Users/manav/Documents/pq-shield/results/raw/control-tabular_small-c10-r5-20261002T144040.csv
  -> control | concurrency=100 | rep=1 | requests=1000
     done in 9.38s, 106.6 req/s, 0 errors, server 122% CPU -> /Users/manav/Documents/pq-shield/results/raw/control-tabular_small-c100-r1-20261002T144040.csv
  -> control | concurrency=100 | rep=2 | requests=1000
     done in 9.45s, 105.8 req/s, 0 errors, server 122% CPU -> /Users/manav/Documents/pq-shield/results/raw/control-tabular_small-c100-r2-20261002T144040.csv
  -> control | concurrency=100 | rep=3 | requests=1000
     done in 9.51s, 105.1 req/s, 0 errors, server 122% CPU -> /Users/manav/Documents/pq-shield/results/raw/control-tabular_small-c100-r3-20261002T144040.csv
  -> control | concurrency=100 | rep=4 | requests=1000
     done in 9.72s, 102.9 req/s, 0 errors, server 121% CPU -> /Users/manav/Documents/pq-shield/results/raw/control-tabular_small-c100-r4-20261002T144040.csv
  -> control | concurrency=100 | rep=5 | requests=1000
     done in 9.64s, 103.8 req/s, 0 errors, server 121% CPU -> /Users/manav/Documents/pq-shield/results/raw/control-tabular_small-c100-r5-20261002T144040.csv
  -> control | concurrency=1000 | rep=1 | requests=10000
     done in 98.65s, 101.4 req/s, 0 errors, server 121% CPU -> /Users/manav/Documents/pq-shield/results/raw/control-tabular_small-c1000-r1-20261002T144040.csv
  -> control | concurrency=1000 | rep=2 | requests=10000
     done in 98.44s, 101.6 req/s, 0 errors, server 121% CPU -> /Users/manav/Documents/pq-shield/results/raw/control-tabular_small-c1000-r2-20261002T144040.csv
  -> control | concurrency=1000 | rep=3 | requests=10000
     done in 96.88s, 103.2 req/s, 0 errors, server 121% CPU -> /Users/manav/Documents/pq-shield/results/raw/control-tabular_small-c1000-r3-20261002T144040.csv
  -> control | concurrency=1000 | rep=4 | requests=10000
     done in 97.02s, 103.1 req/s, 0 errors, server 121% CPU -> /Users/manav/Documents/pq-shield/results/raw/control-tabular_small-c1000-r4-20261002T144040.csv
  -> control | concurrency=1000 | rep=5 | requests=10000
     done in 96.92s, 103.2 req/s, 0 errors, server 121% CPU -> /Users/manav/Documents/pq-shield/results/raw/control-tabular_small-c1000-r5-20261002T144040.csv
Stopping server: control

=== Starting server: hybrid-kex (api.server_config_hybridkex:app), payload_profile=tabular_small ===
Server healthy (pid=3551).
  -> hybrid-kex | concurrency=10 | rep=1 | requests=100
     done in 1.01s, 99.0 req/s, 0 errors, server 92% CPU -> /Users/manav/Documents/pq-shield/results/raw/hybrid-kex-tabular_small-c10-r1-20261002T144040.csv
  -> hybrid-kex | concurrency=10 | rep=2 | requests=100
     done in 0.99s, 100.6 req/s, 0 errors, server 92% CPU -> /Users/manav/Documents/pq-shield/results/raw/hybrid-kex-tabular_small-c10-r2-20261002T144040.csv
  -> hybrid-kex | concurrency=10 | rep=3 | requests=100
     done in 1.01s, 98.8 req/s, 0 errors, server 90% CPU -> /Users/manav/Documents/pq-shield/results/raw/hybrid-kex-tabular_small-c10-r3-20261002T144040.csv
  -> hybrid-kex | concurrency=10 | rep=4 | requests=100
     done in 0.99s, 100.8 req/s, 0 errors, server 92% CPU -> /Users/manav/Documents/pq-shield/results/raw/hybrid-kex-tabular_small-c10-r4-20261002T144040.csv
  -> hybrid-kex | concurrency=10 | rep=5 | requests=100
     done in 1.02s, 97.7 req/s, 0 errors, server 92% CPU -> /Users/manav/Documents/pq-shield/results/raw/hybrid-kex-tabular_small-c10-r5-20261002T144040.csv
  -> hybrid-kex | concurrency=100 | rep=1 | requests=1000
     done in 15.92s, 62.8 req/s, 0 errors, server 75% CPU -> /Users/manav/Documents/pq-shield/results/raw/hybrid-kex-tabular_small-c100-r1-20261002T144040.csv
  -> hybrid-kex | concurrency=100 | rep=2 | requests=1000
     done in 18.94s, 52.8 req/s, 2 errors, server 62% CPU -> /Users/manav/Documents/pq-shield/results/raw/hybrid-kex-tabular_small-c100-r2-20261002T144040.csv
  -> hybrid-kex | concurrency=100 | rep=3 | requests=1000
     done in 19.02s, 52.6 req/s, 1 errors, server 62% CPU -> /Users/manav/Documents/pq-shield/results/raw/hybrid-kex-tabular_small-c100-r3-20261002T144040.csv
  -> hybrid-kex | concurrency=100 | rep=4 | requests=1000
     done in 19.05s, 52.5 req/s, 2 errors, server 62% CPU -> /Users/manav/Documents/pq-shield/results/raw/hybrid-kex-tabular_small-c100-r4-20261002T144040.csv
  -> hybrid-kex | concurrency=100 | rep=5 | requests=1000
     done in 15.91s, 62.8 req/s, 3 errors, server 75% CPU -> /Users/manav/Documents/pq-shield/results/raw/hybrid-kex-tabular_small-c100-r5-20261002T144040.csv
  -> hybrid-kex | concurrency=1000 | rep=1 | requests=10000
     done in 206.30s, 48.5 req/s, 142 errors, server 59% CPU -> /Users/manav/Documents/pq-shield/results/raw/hybrid-kex-tabular_small-c1000-r1-20261002T144040.csv
  -> hybrid-kex | concurrency=1000 | rep=2 | requests=10000
     done in 209.59s, 47.7 req/s, 171 errors, server 58% CPU -> /Users/manav/Documents/pq-shield/results/raw/hybrid-kex-tabular_small-c1000-r2-20261002T144040.csv
  -> hybrid-kex | concurrency=1000 | rep=3 | requests=10000
     done in 210.87s, 47.4 req/s, 143 errors, server 58% CPU -> /Users/manav/Documents/pq-shield/results/raw/hybrid-kex-tabular_small-c1000-r3-20261002T144040.csv
  -> hybrid-kex | concurrency=1000 | rep=4 | requests=10000
     done in 228.36s, 43.8 req/s, 61 errors, server 72% CPU -> /Users/manav/Documents/pq-shield/results/raw/hybrid-kex-tabular_small-c1000-r4-20261002T144040.csv
  -> hybrid-kex | concurrency=1000 | rep=5 | requests=10000
     done in 239.50s, 41.8 req/s, 77 errors, server 71% CPU -> /Users/manav/Documents/pq-shield/results/raw/hybrid-kex-tabular_small-c1000-r5-20261002T144040.csv
Stopping server: hybrid-kex

Wrote per-cell summary (incl. resource usage) to /Users/manav/Documents/pq-shield/results/sweep_summaries/20261002T144040.json

[15:09:35] STEP 12 done in 28.9 min

[15:09:35] === STEP 3: payload-shape sweep ===
run_id=20261002T150935 network_profile=localhost

=== Starting server: control (api.server:app), payload_profile=tabular_small ===
Server healthy (pid=6645).
  -> control | concurrency=10 | rep=1 | requests=100
     done in 0.91s, 109.7 req/s, 0 errors, server 92% CPU -> /Users/manav/Documents/pq-shield/results/raw/control-tabular_small-c10-r1-20261002T150935.csv
  -> control | concurrency=10 | rep=2 | requests=100
     done in 0.91s, 110.1 req/s, 0 errors, server 94% CPU -> /Users/manav/Documents/pq-shield/results/raw/control-tabular_small-c10-r2-20261002T150935.csv
  -> control | concurrency=10 | rep=3 | requests=100
     done in 0.90s, 110.5 req/s, 0 errors, server 93% CPU -> /Users/manav/Documents/pq-shield/results/raw/control-tabular_small-c10-r3-20261002T150935.csv
  -> control | concurrency=10 | rep=4 | requests=100
     done in 0.91s, 109.6 req/s, 0 errors, server 93% CPU -> /Users/manav/Documents/pq-shield/results/raw/control-tabular_small-c10-r4-20261002T150935.csv
  -> control | concurrency=10 | rep=5 | requests=100
     done in 0.94s, 106.8 req/s, 0 errors, server 93% CPU -> /Users/manav/Documents/pq-shield/results/raw/control-tabular_small-c10-r5-20261002T150935.csv
Stopping server: control

=== Starting server: classical (api.server_config_a:app), payload_profile=tabular_small ===
Server healthy (pid=6681).
  -> classical | concurrency=10 | rep=1 | requests=100
     done in 1.93s, 51.9 req/s, 0 errors, server 530% CPU -> /Users/manav/Documents/pq-shield/results/raw/classical-tabular_small-c10-r1-20261002T150935.csv
  -> classical | concurrency=10 | rep=2 | requests=100
     done in 1.72s, 58.1 req/s, 0 errors, server 507% CPU -> /Users/manav/Documents/pq-shield/results/raw/classical-tabular_small-c10-r2-20261002T150935.csv
  -> classical | concurrency=10 | rep=3 | requests=100
     done in 1.79s, 56.0 req/s, 0 errors, server 495% CPU -> /Users/manav/Documents/pq-shield/results/raw/classical-tabular_small-c10-r3-20261002T150935.csv
  -> classical | concurrency=10 | rep=4 | requests=100
     done in 1.79s, 55.9 req/s, 0 errors, server 508% CPU -> /Users/manav/Documents/pq-shield/results/raw/classical-tabular_small-c10-r4-20261002T150935.csv
  -> classical | concurrency=10 | rep=5 | requests=100
     done in 1.77s, 56.6 req/s, 0 errors, server 476% CPU -> /Users/manav/Documents/pq-shield/results/raw/classical-tabular_small-c10-r5-20261002T150935.csv
Stopping server: classical

=== Starting server: classical-ecdhe (api.server_config_ecdhe:app), payload_profile=tabular_small ===
Server healthy (pid=6708).
  -> classical-ecdhe | concurrency=10 | rep=1 | requests=100
     done in 0.99s, 101.4 req/s, 0 errors, server 92% CPU -> /Users/manav/Documents/pq-shield/results/raw/classical-ecdhe-tabular_small-c10-r1-20261002T150935.csv
  -> classical-ecdhe | concurrency=10 | rep=2 | requests=100
     done in 0.99s, 101.5 req/s, 0 errors, server 92% CPU -> /Users/manav/Documents/pq-shield/results/raw/classical-ecdhe-tabular_small-c10-r2-20261002T150935.csv
  -> classical-ecdhe | concurrency=10 | rep=3 | requests=100
     done in 0.98s, 102.5 req/s, 0 errors, server 93% CPU -> /Users/manav/Documents/pq-shield/results/raw/classical-ecdhe-tabular_small-c10-r3-20261002T150935.csv
  -> classical-ecdhe | concurrency=10 | rep=4 | requests=100
     done in 1.01s, 99.5 req/s, 0 errors, server 90% CPU -> /Users/manav/Documents/pq-shield/results/raw/classical-ecdhe-tabular_small-c10-r4-20261002T150935.csv
  -> classical-ecdhe | concurrency=10 | rep=5 | requests=100
     done in 1.01s, 99.3 req/s, 0 errors, server 92% CPU -> /Users/manav/Documents/pq-shield/results/raw/classical-ecdhe-tabular_small-c10-r5-20261002T150935.csv
Stopping server: classical-ecdhe

=== Starting server: hybrid (api.server_config_b:app), payload_profile=tabular_small ===
Server healthy (pid=6739).
  -> hybrid | concurrency=10 | rep=1 | requests=100
     done in 0.98s, 101.9 req/s, 0 errors, server 91% CPU -> /Users/manav/Documents/pq-shield/results/raw/hybrid-tabular_small-c10-r1-20261002T150935.csv
  -> hybrid | concurrency=10 | rep=2 | requests=100
     done in 0.96s, 104.1 req/s, 0 errors, server 92% CPU -> /Users/manav/Documents/pq-shield/results/raw/hybrid-tabular_small-c10-r2-20261002T150935.csv
  -> hybrid | concurrency=10 | rep=3 | requests=100
     done in 0.96s, 103.7 req/s, 0 errors, server 93% CPU -> /Users/manav/Documents/pq-shield/results/raw/hybrid-tabular_small-c10-r3-20261002T150935.csv
  -> hybrid | concurrency=10 | rep=4 | requests=100
     done in 0.97s, 103.5 req/s, 0 errors, server 93% CPU -> /Users/manav/Documents/pq-shield/results/raw/hybrid-tabular_small-c10-r4-20261002T150935.csv
  -> hybrid | concurrency=10 | rep=5 | requests=100
     done in 0.99s, 100.7 req/s, 0 errors, server 92% CPU -> /Users/manav/Documents/pq-shield/results/raw/hybrid-tabular_small-c10-r5-20261002T150935.csv
Stopping server: hybrid

=== Starting server: hybrid-kex (api.server_config_hybridkex:app), payload_profile=tabular_small ===
Server healthy (pid=6756).
  -> hybrid-kex | concurrency=10 | rep=1 | requests=100
     done in 0.99s, 100.6 req/s, 0 errors, server 92% CPU -> /Users/manav/Documents/pq-shield/results/raw/hybrid-kex-tabular_small-c10-r1-20261002T150935.csv
  -> hybrid-kex | concurrency=10 | rep=2 | requests=100
     done in 0.99s, 101.0 req/s, 0 errors, server 91% CPU -> /Users/manav/Documents/pq-shield/results/raw/hybrid-kex-tabular_small-c10-r2-20261002T150935.csv
  -> hybrid-kex | concurrency=10 | rep=3 | requests=100
     done in 0.97s, 102.8 req/s, 0 errors, server 93% CPU -> /Users/manav/Documents/pq-shield/results/raw/hybrid-kex-tabular_small-c10-r3-20261002T150935.csv
  -> hybrid-kex | concurrency=10 | rep=4 | requests=100
     done in 0.98s, 102.3 req/s, 0 errors, server 93% CPU -> /Users/manav/Documents/pq-shield/results/raw/hybrid-kex-tabular_small-c10-r4-20261002T150935.csv
  -> hybrid-kex | concurrency=10 | rep=5 | requests=100
     done in 1.01s, 99.0 req/s, 0 errors, server 92% CPU -> /Users/manav/Documents/pq-shield/results/raw/hybrid-kex-tabular_small-c10-r5-20261002T150935.csv
Stopping server: hybrid-kex

=== Starting server: full-pqc (api.server_config_c:app), payload_profile=tabular_small ===
Server healthy (pid=6778).
  -> full-pqc | concurrency=10 | rep=1 | requests=100
     done in 0.98s, 102.5 req/s, 0 errors, server 93% CPU -> /Users/manav/Documents/pq-shield/results/raw/full-pqc-tabular_small-c10-r1-20261002T150935.csv
  -> full-pqc | concurrency=10 | rep=2 | requests=100
     done in 0.98s, 101.6 req/s, 0 errors, server 90% CPU -> /Users/manav/Documents/pq-shield/results/raw/full-pqc-tabular_small-c10-r2-20261002T150935.csv
  -> full-pqc | concurrency=10 | rep=3 | requests=100
     done in 0.95s, 105.3 req/s, 0 errors, server 94% CPU -> /Users/manav/Documents/pq-shield/results/raw/full-pqc-tabular_small-c10-r3-20261002T150935.csv
  -> full-pqc | concurrency=10 | rep=4 | requests=100
     done in 0.96s, 104.6 req/s, 0 errors, server 94% CPU -> /Users/manav/Documents/pq-shield/results/raw/full-pqc-tabular_small-c10-r4-20261002T150935.csv
  -> full-pqc | concurrency=10 | rep=5 | requests=100
     done in 0.97s, 102.8 req/s, 0 errors, server 93% CPU -> /Users/manav/Documents/pq-shield/results/raw/full-pqc-tabular_small-c10-r5-20261002T150935.csv
Stopping server: full-pqc

Wrote per-cell summary (incl. resource usage) to /Users/manav/Documents/pq-shield/results/sweep_summaries/20261002T150935.json
run_id=20261002T151023 network_profile=localhost

=== Starting server: control (api.server:app), payload_profile=image_cnn ===
Server healthy (pid=6795).
  -> control | concurrency=10 | rep=1 | requests=100
     done in 0.08s, 1216.6 req/s, 0 errors, server 0% CPU -> /Users/manav/Documents/pq-shield/results/raw/control-image_cnn-c10-r1-20261002T151023.csv
  -> control | concurrency=10 | rep=2 | requests=100
     done in 0.07s, 1442.9 req/s, 0 errors, server 0% CPU -> /Users/manav/Documents/pq-shield/results/raw/control-image_cnn-c10-r2-20261002T151023.csv
  -> control | concurrency=10 | rep=3 | requests=100
     done in 0.07s, 1501.8 req/s, 0 errors, server 0% CPU -> /Users/manav/Documents/pq-shield/results/raw/control-image_cnn-c10-r3-20261002T151023.csv
  -> control | concurrency=10 | rep=4 | requests=100
     done in 0.07s, 1400.8 req/s, 0 errors, server 0% CPU -> /Users/manav/Documents/pq-shield/results/raw/control-image_cnn-c10-r4-20261002T151023.csv
  -> control | concurrency=10 | rep=5 | requests=100
     done in 0.07s, 1416.4 req/s, 0 errors, server 0% CPU -> /Users/manav/Documents/pq-shield/results/raw/control-image_cnn-c10-r5-20261002T151023.csv
Stopping server: control

=== Starting server: classical (api.server_config_a:app), payload_profile=image_cnn ===
Server healthy (pid=6802).
  -> classical | concurrency=10 | rep=1 | requests=100
     done in 1.28s, 77.9 req/s, 0 errors, server 608% CPU -> /Users/manav/Documents/pq-shield/results/raw/classical-image_cnn-c10-r1-20261002T151023.csv
  -> classical | concurrency=10 | rep=2 | requests=100
     done in 1.49s, 67.3 req/s, 0 errors, server 641% CPU -> /Users/manav/Documents/pq-shield/results/raw/classical-image_cnn-c10-r2-20261002T151023.csv
  -> classical | concurrency=10 | rep=3 | requests=100
     done in 1.36s, 73.6 req/s, 0 errors, server 631% CPU -> /Users/manav/Documents/pq-shield/results/raw/classical-image_cnn-c10-r3-20261002T151023.csv
  -> classical | concurrency=10 | rep=4 | requests=100
     done in 1.40s, 71.6 req/s, 0 errors, server 637% CPU -> /Users/manav/Documents/pq-shield/results/raw/classical-image_cnn-c10-r4-20261002T151023.csv
  -> classical | concurrency=10 | rep=5 | requests=100
     done in 1.37s, 73.0 req/s, 0 errors, server 638% CPU -> /Users/manav/Documents/pq-shield/results/raw/classical-image_cnn-c10-r5-20261002T151023.csv
Stopping server: classical

=== Starting server: classical-ecdhe (api.server_config_ecdhe:app), payload_profile=image_cnn ===
Server healthy (pid=6833).
  -> classical-ecdhe | concurrency=10 | rep=1 | requests=100
     done in 0.20s, 507.2 req/s, 0 errors, server 0% CPU -> /Users/manav/Documents/pq-shield/results/raw/classical-ecdhe-image_cnn-c10-r1-20261002T151023.csv
  -> classical-ecdhe | concurrency=10 | rep=2 | requests=100
     done in 0.16s, 623.1 req/s, 0 errors, server 0% CPU -> /Users/manav/Documents/pq-shield/results/raw/classical-ecdhe-image_cnn-c10-r2-20261002T151023.csv
  -> classical-ecdhe | concurrency=10 | rep=3 | requests=100
     done in 0.18s, 565.4 req/s, 0 errors, server 0% CPU -> /Users/manav/Documents/pq-shield/results/raw/classical-ecdhe-image_cnn-c10-r3-20261002T151023.csv
  -> classical-ecdhe | concurrency=10 | rep=4 | requests=100
     done in 0.17s, 572.4 req/s, 0 errors, server 0% CPU -> /Users/manav/Documents/pq-shield/results/raw/classical-ecdhe-image_cnn-c10-r4-20261002T151023.csv
  -> classical-ecdhe | concurrency=10 | rep=5 | requests=100
     done in 0.18s, 550.1 req/s, 0 errors, server 0% CPU -> /Users/manav/Documents/pq-shield/results/raw/classical-ecdhe-image_cnn-c10-r5-20261002T151023.csv
Stopping server: classical-ecdhe

=== Starting server: hybrid (api.server_config_b:app), payload_profile=image_cnn ===
Server healthy (pid=6839).
  -> hybrid | concurrency=10 | rep=1 | requests=100
     done in 0.18s, 562.4 req/s, 0 errors, server 0% CPU -> /Users/manav/Documents/pq-shield/results/raw/hybrid-image_cnn-c10-r1-20261002T151023.csv
  -> hybrid | concurrency=10 | rep=2 | requests=100
     done in 0.15s, 664.7 req/s, 0 errors, server 0% CPU -> /Users/manav/Documents/pq-shield/results/raw/hybrid-image_cnn-c10-r2-20261002T151023.csv
  -> hybrid | concurrency=10 | rep=3 | requests=100
     done in 0.17s, 604.1 req/s, 0 errors, server 0% CPU -> /Users/manav/Documents/pq-shield/results/raw/hybrid-image_cnn-c10-r3-20261002T151023.csv
  -> hybrid | concurrency=10 | rep=4 | requests=100
     done in 0.15s, 678.9 req/s, 0 errors, server 0% CPU -> /Users/manav/Documents/pq-shield/results/raw/hybrid-image_cnn-c10-r4-20261002T151023.csv
  -> hybrid | concurrency=10 | rep=5 | requests=100
     done in 0.15s, 668.3 req/s, 0 errors, server 0% CPU -> /Users/manav/Documents/pq-shield/results/raw/hybrid-image_cnn-c10-r5-20261002T151023.csv
Stopping server: hybrid

=== Starting server: hybrid-kex (api.server_config_hybridkex:app), payload_profile=image_cnn ===
Server healthy (pid=6851).
  -> hybrid-kex | concurrency=10 | rep=1 | requests=100
     done in 0.21s, 474.9 req/s, 0 errors, server 0% CPU -> /Users/manav/Documents/pq-shield/results/raw/hybrid-kex-image_cnn-c10-r1-20261002T151023.csv
  -> hybrid-kex | concurrency=10 | rep=2 | requests=100
     done in 0.17s, 575.1 req/s, 0 errors, server 0% CPU -> /Users/manav/Documents/pq-shield/results/raw/hybrid-kex-image_cnn-c10-r2-20261002T151023.csv
  -> hybrid-kex | concurrency=10 | rep=3 | requests=100
     done in 0.17s, 588.4 req/s, 0 errors, server 0% CPU -> /Users/manav/Documents/pq-shield/results/raw/hybrid-kex-image_cnn-c10-r3-20261002T151023.csv
  -> hybrid-kex | concurrency=10 | rep=4 | requests=100
     done in 0.17s, 592.5 req/s, 0 errors, server 0% CPU -> /Users/manav/Documents/pq-shield/results/raw/hybrid-kex-image_cnn-c10-r4-20261002T151023.csv
  -> hybrid-kex | concurrency=10 | rep=5 | requests=100
     done in 0.17s, 573.2 req/s, 0 errors, server 0% CPU -> /Users/manav/Documents/pq-shield/results/raw/hybrid-kex-image_cnn-c10-r5-20261002T151023.csv
Stopping server: hybrid-kex

=== Starting server: full-pqc (api.server_config_c:app), payload_profile=image_cnn ===
Server healthy (pid=6862).
  -> full-pqc | concurrency=10 | rep=1 | requests=100
     done in 0.17s, 576.5 req/s, 0 errors, server 0% CPU -> /Users/manav/Documents/pq-shield/results/raw/full-pqc-image_cnn-c10-r1-20261002T151023.csv
  -> full-pqc | concurrency=10 | rep=2 | requests=100
     done in 0.14s, 690.9 req/s, 0 errors, server 0% CPU -> /Users/manav/Documents/pq-shield/results/raw/full-pqc-image_cnn-c10-r2-20261002T151023.csv
  -> full-pqc | concurrency=10 | rep=3 | requests=100
     done in 0.14s, 698.8 req/s, 0 errors, server 0% CPU -> /Users/manav/Documents/pq-shield/results/raw/full-pqc-image_cnn-c10-r3-20261002T151023.csv
  -> full-pqc | concurrency=10 | rep=4 | requests=100
     done in 0.14s, 703.3 req/s, 0 errors, server 0% CPU -> /Users/manav/Documents/pq-shield/results/raw/full-pqc-image_cnn-c10-r4-20261002T151023.csv
  -> full-pqc | concurrency=10 | rep=5 | requests=100
     done in 0.15s, 678.2 req/s, 0 errors, server 0% CPU -> /Users/manav/Documents/pq-shield/results/raw/full-pqc-image_cnn-c10-r5-20261002T151023.csv
Stopping server: full-pqc

Wrote per-cell summary (incl. resource usage) to /Users/manav/Documents/pq-shield/results/sweep_summaries/20261002T151023.json
run_id=20261002T151049 network_profile=localhost

=== Starting server: control (api.server:app), payload_profile=embedding ===
Server healthy (pid=6869).
  -> control | concurrency=10 | rep=1 | requests=100
     done in 0.09s, 1140.9 req/s, 0 errors, server 0% CPU -> /Users/manav/Documents/pq-shield/results/raw/control-embedding-c10-r1-20261002T151049.csv
  -> control | concurrency=10 | rep=2 | requests=100
     done in 0.07s, 1414.6 req/s, 0 errors, server 0% CPU -> /Users/manav/Documents/pq-shield/results/raw/control-embedding-c10-r2-20261002T151049.csv
  -> control | concurrency=10 | rep=3 | requests=100
     done in 0.07s, 1383.9 req/s, 0 errors, server 0% CPU -> /Users/manav/Documents/pq-shield/results/raw/control-embedding-c10-r3-20261002T151049.csv
  -> control | concurrency=10 | rep=4 | requests=100
     done in 0.07s, 1377.4 req/s, 0 errors, server 0% CPU -> /Users/manav/Documents/pq-shield/results/raw/control-embedding-c10-r4-20261002T151049.csv
  -> control | concurrency=10 | rep=5 | requests=100
     done in 0.07s, 1380.8 req/s, 0 errors, server 0% CPU -> /Users/manav/Documents/pq-shield/results/raw/control-embedding-c10-r5-20261002T151049.csv
Stopping server: control

=== Starting server: classical (api.server_config_a:app), payload_profile=embedding ===
Server healthy (pid=6877).
  -> classical | concurrency=10 | rep=1 | requests=100
     done in 1.29s, 77.6 req/s, 0 errors, server 611% CPU -> /Users/manav/Documents/pq-shield/results/raw/classical-embedding-c10-r1-20261002T151049.csv
  -> classical | concurrency=10 | rep=2 | requests=100
     done in 1.37s, 73.3 req/s, 0 errors, server 638% CPU -> /Users/manav/Documents/pq-shield/results/raw/classical-embedding-c10-r2-20261002T151049.csv
  -> classical | concurrency=10 | rep=3 | requests=100
     done in 1.51s, 66.2 req/s, 0 errors, server 637% CPU -> /Users/manav/Documents/pq-shield/results/raw/classical-embedding-c10-r3-20261002T151049.csv
  -> classical | concurrency=10 | rep=4 | requests=100
     done in 1.37s, 72.9 req/s, 0 errors, server 635% CPU -> /Users/manav/Documents/pq-shield/results/raw/classical-embedding-c10-r4-20261002T151049.csv
  -> classical | concurrency=10 | rep=5 | requests=100
     done in 1.37s, 73.0 req/s, 0 errors, server 637% CPU -> /Users/manav/Documents/pq-shield/results/raw/classical-embedding-c10-r5-20261002T151049.csv
Stopping server: classical

=== Starting server: classical-ecdhe (api.server_config_ecdhe:app), payload_profile=embedding ===
Server healthy (pid=6903).
  -> classical-ecdhe | concurrency=10 | rep=1 | requests=100
     done in 0.19s, 514.9 req/s, 0 errors, server 0% CPU -> /Users/manav/Documents/pq-shield/results/raw/classical-ecdhe-embedding-c10-r1-20261002T151049.csv
  -> classical-ecdhe | concurrency=10 | rep=2 | requests=100
     done in 0.17s, 580.4 req/s, 0 errors, server 0% CPU -> /Users/manav/Documents/pq-shield/results/raw/classical-ecdhe-embedding-c10-r2-20261002T151049.csv
  -> classical-ecdhe | concurrency=10 | rep=3 | requests=100
     done in 0.17s, 589.0 req/s, 0 errors, server 0% CPU -> /Users/manav/Documents/pq-shield/results/raw/classical-ecdhe-embedding-c10-r3-20261002T151049.csv
  -> classical-ecdhe | concurrency=10 | rep=4 | requests=100
     done in 0.18s, 567.7 req/s, 0 errors, server 0% CPU -> /Users/manav/Documents/pq-shield/results/raw/classical-ecdhe-embedding-c10-r4-20261002T151049.csv
  -> classical-ecdhe | concurrency=10 | rep=5 | requests=100
     done in 0.18s, 554.3 req/s, 0 errors, server 0% CPU -> /Users/manav/Documents/pq-shield/results/raw/classical-ecdhe-embedding-c10-r5-20261002T151049.csv
Stopping server: classical-ecdhe

=== Starting server: hybrid (api.server_config_b:app), payload_profile=embedding ===
Server healthy (pid=6909).
  -> hybrid | concurrency=10 | rep=1 | requests=100
     done in 0.19s, 531.6 req/s, 0 errors, server 0% CPU -> /Users/manav/Documents/pq-shield/results/raw/hybrid-embedding-c10-r1-20261002T151049.csv
  -> hybrid | concurrency=10 | rep=2 | requests=100
     done in 0.15s, 667.9 req/s, 0 errors, server 0% CPU -> /Users/manav/Documents/pq-shield/results/raw/hybrid-embedding-c10-r2-20261002T151049.csv
  -> hybrid | concurrency=10 | rep=3 | requests=100
     done in 0.16s, 610.8 req/s, 0 errors, server 0% CPU -> /Users/manav/Documents/pq-shield/results/raw/hybrid-embedding-c10-r3-20261002T151049.csv
  -> hybrid | concurrency=10 | rep=4 | requests=100
     done in 0.15s, 678.6 req/s, 0 errors, server 0% CPU -> /Users/manav/Documents/pq-shield/results/raw/hybrid-embedding-c10-r4-20261002T151049.csv
  -> hybrid | concurrency=10 | rep=5 | requests=100
     done in 0.15s, 671.0 req/s, 0 errors, server 0% CPU -> /Users/manav/Documents/pq-shield/results/raw/hybrid-embedding-c10-r5-20261002T151049.csv
Stopping server: hybrid

=== Starting server: hybrid-kex (api.server_config_hybridkex:app), payload_profile=embedding ===
Server healthy (pid=6920).
  -> hybrid-kex | concurrency=10 | rep=1 | requests=100
     done in 0.21s, 480.5 req/s, 0 errors, server 0% CPU -> /Users/manav/Documents/pq-shield/results/raw/hybrid-kex-embedding-c10-r1-20261002T151049.csv
  -> hybrid-kex | concurrency=10 | rep=2 | requests=100
     done in 0.17s, 594.0 req/s, 0 errors, server 0% CPU -> /Users/manav/Documents/pq-shield/results/raw/hybrid-kex-embedding-c10-r2-20261002T151049.csv
  -> hybrid-kex | concurrency=10 | rep=3 | requests=100
     done in 0.18s, 568.1 req/s, 0 errors, server 0% CPU -> /Users/manav/Documents/pq-shield/results/raw/hybrid-kex-embedding-c10-r3-20261002T151049.csv
  -> hybrid-kex | concurrency=10 | rep=4 | requests=100
     done in 0.17s, 577.4 req/s, 0 errors, server 0% CPU -> /Users/manav/Documents/pq-shield/results/raw/hybrid-kex-embedding-c10-r4-20261002T151049.csv
  -> hybrid-kex | concurrency=10 | rep=5 | requests=100
     done in 0.18s, 558.3 req/s, 0 errors, server 0% CPU -> /Users/manav/Documents/pq-shield/results/raw/hybrid-kex-embedding-c10-r5-20261002T151049.csv
Stopping server: hybrid-kex

=== Starting server: full-pqc (api.server_config_c:app), payload_profile=embedding ===
Server healthy (pid=6926).
  -> full-pqc | concurrency=10 | rep=1 | requests=100
     done in 0.17s, 578.7 req/s, 0 errors, server 0% CPU -> /Users/manav/Documents/pq-shield/results/raw/full-pqc-embedding-c10-r1-20261002T151049.csv
  -> full-pqc | concurrency=10 | rep=2 | requests=100
     done in 0.18s, 559.1 req/s, 0 errors, server 0% CPU -> /Users/manav/Documents/pq-shield/results/raw/full-pqc-embedding-c10-r2-20261002T151049.csv
  -> full-pqc | concurrency=10 | rep=3 | requests=100
     done in 0.15s, 678.3 req/s, 0 errors, server 0% CPU -> /Users/manav/Documents/pq-shield/results/raw/full-pqc-embedding-c10-r3-20261002T151049.csv
  -> full-pqc | concurrency=10 | rep=4 | requests=100
     done in 0.15s, 684.4 req/s, 0 errors, server 0% CPU -> /Users/manav/Documents/pq-shield/results/raw/full-pqc-embedding-c10-r4-20261002T151049.csv
  -> full-pqc | concurrency=10 | rep=5 | requests=100
     done in 0.14s, 691.1 req/s, 0 errors, server 0% CPU -> /Users/manav/Documents/pq-shield/results/raw/full-pqc-embedding-c10-r5-20261002T151049.csv
Stopping server: full-pqc

Wrote per-cell summary (incl. resource usage) to /Users/manav/Documents/pq-shield/results/sweep_summaries/20261002T151049.json
run_id=20261002T151114 network_profile=localhost

=== Starting server: control (api.server:app), payload_profile=llm_completion ===
Server healthy (pid=6937).
  -> control | concurrency=10 | rep=1 | requests=100
     done in 0.07s, 1448.3 req/s, 0 errors, server 0% CPU -> /Users/manav/Documents/pq-shield/results/raw/control-llm_completion-c10-r1-20261002T151114.csv
  -> control | concurrency=10 | rep=2 | requests=100
     done in 0.08s, 1279.6 req/s, 0 errors, server 0% CPU -> /Users/manav/Documents/pq-shield/results/raw/control-llm_completion-c10-r2-20261002T151114.csv
  -> control | concurrency=10 | rep=3 | requests=100
     done in 0.07s, 1467.0 req/s, 0 errors, server 0% CPU -> /Users/manav/Documents/pq-shield/results/raw/control-llm_completion-c10-r3-20261002T151114.csv
  -> control | concurrency=10 | rep=4 | requests=100
     done in 0.06s, 1617.3 req/s, 0 errors, server 0% CPU -> /Users/manav/Documents/pq-shield/results/raw/control-llm_completion-c10-r4-20261002T151114.csv
  -> control | concurrency=10 | rep=5 | requests=100
     done in 0.06s, 1560.5 req/s, 0 errors, server 0% CPU -> /Users/manav/Documents/pq-shield/results/raw/control-llm_completion-c10-r5-20261002T151114.csv
Stopping server: control

=== Starting server: classical (api.server_config_a:app), payload_profile=llm_completion ===
Server healthy (pid=6943).
  -> classical | concurrency=10 | rep=1 | requests=100
     done in 1.42s, 70.6 req/s, 0 errors, server 640% CPU -> /Users/manav/Documents/pq-shield/results/raw/classical-llm_completion-c10-r1-20261002T151114.csv
  -> classical | concurrency=10 | rep=2 | requests=100
     done in 1.36s, 73.4 req/s, 0 errors, server 630% CPU -> /Users/manav/Documents/pq-shield/results/raw/classical-llm_completion-c10-r2-20261002T151114.csv
  -> classical | concurrency=10 | rep=3 | requests=100
     done in 1.43s, 70.1 req/s, 0 errors, server 635% CPU -> /Users/manav/Documents/pq-shield/results/raw/classical-llm_completion-c10-r3-20261002T151114.csv
  -> classical | concurrency=10 | rep=4 | requests=100
     done in 1.35s, 74.0 req/s, 0 errors, server 636% CPU -> /Users/manav/Documents/pq-shield/results/raw/classical-llm_completion-c10-r4-20261002T151114.csv
  -> classical | concurrency=10 | rep=5 | requests=100
     done in 1.37s, 73.0 req/s, 0 errors, server 640% CPU -> /Users/manav/Documents/pq-shield/results/raw/classical-llm_completion-c10-r5-20261002T151114.csv
Stopping server: classical

=== Starting server: classical-ecdhe (api.server_config_ecdhe:app), payload_profile=llm_completion ===
Server healthy (pid=6969).
  -> classical-ecdhe | concurrency=10 | rep=1 | requests=100
     done in 0.20s, 490.2 req/s, 0 errors, server 0% CPU -> /Users/manav/Documents/pq-shield/results/raw/classical-ecdhe-llm_completion-c10-r1-20261002T151114.csv
  -> classical-ecdhe | concurrency=10 | rep=2 | requests=100
     done in 0.17s, 584.2 req/s, 0 errors, server 0% CPU -> /Users/manav/Documents/pq-shield/results/raw/classical-ecdhe-llm_completion-c10-r2-20261002T151114.csv
  -> classical-ecdhe | concurrency=10 | rep=3 | requests=100
     done in 0.17s, 598.9 req/s, 0 errors, server 0% CPU -> /Users/manav/Documents/pq-shield/results/raw/classical-ecdhe-llm_completion-c10-r3-20261002T151114.csv
  -> classical-ecdhe | concurrency=10 | rep=4 | requests=100
     done in 0.17s, 603.5 req/s, 0 errors, server 0% CPU -> /Users/manav/Documents/pq-shield/results/raw/classical-ecdhe-llm_completion-c10-r4-20261002T151114.csv
  -> classical-ecdhe | concurrency=10 | rep=5 | requests=100
     done in 0.17s, 591.5 req/s, 0 errors, server 0% CPU -> /Users/manav/Documents/pq-shield/results/raw/classical-ecdhe-llm_completion-c10-r5-20261002T151114.csv
Stopping server: classical-ecdhe

=== Starting server: hybrid (api.server_config_b:app), payload_profile=llm_completion ===
Server healthy (pid=6977).
  -> hybrid | concurrency=10 | rep=1 | requests=100
     done in 0.18s, 563.1 req/s, 0 errors, server 0% CPU -> /Users/manav/Documents/pq-shield/results/raw/hybrid-llm_completion-c10-r1-20261002T151114.csv
  -> hybrid | concurrency=10 | rep=2 | requests=100
     done in 0.16s, 606.5 req/s, 0 errors, server 0% CPU -> /Users/manav/Documents/pq-shield/results/raw/hybrid-llm_completion-c10-r2-20261002T151114.csv
  -> hybrid | concurrency=10 | rep=3 | requests=100
     done in 0.14s, 711.5 req/s, 0 errors, server 0% CPU -> /Users/manav/Documents/pq-shield/results/raw/hybrid-llm_completion-c10-r3-20261002T151114.csv
  -> hybrid | concurrency=10 | rep=4 | requests=100
     done in 0.15s, 652.5 req/s, 0 errors, server 0% CPU -> /Users/manav/Documents/pq-shield/results/raw/hybrid-llm_completion-c10-r4-20261002T151114.csv
  -> hybrid | concurrency=10 | rep=5 | requests=100
     done in 0.14s, 734.1 req/s, 0 errors, server 0% CPU -> /Users/manav/Documents/pq-shield/results/raw/hybrid-llm_completion-c10-r5-20261002T151114.csv
Stopping server: hybrid

=== Starting server: hybrid-kex (api.server_config_hybridkex:app), payload_profile=llm_completion ===
Server healthy (pid=6988).
  -> hybrid-kex | concurrency=10 | rep=1 | requests=100
     done in 0.20s, 500.9 req/s, 0 errors, server 0% CPU -> /Users/manav/Documents/pq-shield/results/raw/hybrid-kex-llm_completion-c10-r1-20261002T151114.csv
  -> hybrid-kex | concurrency=10 | rep=2 | requests=100
     done in 0.17s, 590.6 req/s, 0 errors, server 0% CPU -> /Users/manav/Documents/pq-shield/results/raw/hybrid-kex-llm_completion-c10-r2-20261002T151114.csv
  -> hybrid-kex | concurrency=10 | rep=3 | requests=100
     done in 0.17s, 574.0 req/s, 0 errors, server 0% CPU -> /Users/manav/Documents/pq-shield/results/raw/hybrid-kex-llm_completion-c10-r3-20261002T151114.csv
  -> hybrid-kex | concurrency=10 | rep=4 | requests=100
     done in 0.17s, 601.5 req/s, 0 errors, server 0% CPU -> /Users/manav/Documents/pq-shield/results/raw/hybrid-kex-llm_completion-c10-r4-20261002T151114.csv
  -> hybrid-kex | concurrency=10 | rep=5 | requests=100
     done in 0.17s, 586.0 req/s, 0 errors, server 0% CPU -> /Users/manav/Documents/pq-shield/results/raw/hybrid-kex-llm_completion-c10-r5-20261002T151114.csv
Stopping server: hybrid-kex

=== Starting server: full-pqc (api.server_config_c:app), payload_profile=llm_completion ===
Server healthy (pid=6994).
  -> full-pqc | concurrency=10 | rep=1 | requests=100
     done in 0.17s, 573.6 req/s, 0 errors, server 0% CPU -> /Users/manav/Documents/pq-shield/results/raw/full-pqc-llm_completion-c10-r1-20261002T151114.csv
  -> full-pqc | concurrency=10 | rep=2 | requests=100
     done in 0.16s, 610.0 req/s, 0 errors, server 0% CPU -> /Users/manav/Documents/pq-shield/results/raw/full-pqc-llm_completion-c10-r2-20261002T151114.csv
  -> full-pqc | concurrency=10 | rep=3 | requests=100
     done in 0.15s, 659.6 req/s, 0 errors, server 0% CPU -> /Users/manav/Documents/pq-shield/results/raw/full-pqc-llm_completion-c10-r3-20261002T151114.csv
  -> full-pqc | concurrency=10 | rep=4 | requests=100
     done in 0.14s, 701.7 req/s, 0 errors, server 0% CPU -> /Users/manav/Documents/pq-shield/results/raw/full-pqc-llm_completion-c10-r4-20261002T151114.csv
  -> full-pqc | concurrency=10 | rep=5 | requests=100
     done in 0.15s, 674.1 req/s, 0 errors, server 0% CPU -> /Users/manav/Documents/pq-shield/results/raw/full-pqc-llm_completion-c10-r5-20261002T151114.csv
Stopping server: full-pqc

Wrote per-cell summary (incl. resource usage) to /Users/manav/Documents/pq-shield/results/sweep_summaries/20261002T151114.json

[15:11:39] STEP 3 done in 2.1 min

[15:11:39] === STEP 4: network-emulation sweep ===
run_id=20261002T151139 network_profile=localhost

=== Starting server: control (api.server:app), payload_profile=tabular_small ===
Server healthy (pid=7005).
  -> control | concurrency=10 | rep=1 | requests=100
     done in 0.91s, 110.3 req/s, 0 errors, server 93% CPU -> /Users/manav/Documents/pq-shield/results/raw/control-tabular_small-c10-r1-20261002T151139.csv
  -> control | concurrency=10 | rep=2 | requests=100
     done in 0.91s, 110.4 req/s, 0 errors, server 94% CPU -> /Users/manav/Documents/pq-shield/results/raw/control-tabular_small-c10-r2-20261002T151139.csv
  -> control | concurrency=10 | rep=3 | requests=100
     done in 0.91s, 109.7 req/s, 0 errors, server 94% CPU -> /Users/manav/Documents/pq-shield/results/raw/control-tabular_small-c10-r3-20261002T151139.csv
  -> control | concurrency=10 | rep=4 | requests=100
     done in 0.95s, 105.6 req/s, 0 errors, server 91% CPU -> /Users/manav/Documents/pq-shield/results/raw/control-tabular_small-c10-r4-20261002T151139.csv
  -> control | concurrency=10 | rep=5 | requests=100
     done in 0.93s, 107.2 req/s, 0 errors, server 93% CPU -> /Users/manav/Documents/pq-shield/results/raw/control-tabular_small-c10-r5-20261002T151139.csv
Stopping server: control

=== Starting server: classical (api.server_config_a:app), payload_profile=tabular_small ===
Server healthy (pid=7022).
  -> classical | concurrency=10 | rep=1 | requests=100
     done in 1.89s, 52.8 req/s, 0 errors, server 511% CPU -> /Users/manav/Documents/pq-shield/results/raw/classical-tabular_small-c10-r1-20261002T151139.csv
  -> classical | concurrency=10 | rep=2 | requests=100
     done in 1.75s, 57.0 req/s, 0 errors, server 519% CPU -> /Users/manav/Documents/pq-shield/results/raw/classical-tabular_small-c10-r2-20261002T151139.csv
  -> classical | concurrency=10 | rep=3 | requests=100
     done in 1.79s, 55.8 req/s, 0 errors, server 508% CPU -> /Users/manav/Documents/pq-shield/results/raw/classical-tabular_small-c10-r3-20261002T151139.csv
  -> classical | concurrency=10 | rep=4 | requests=100
     done in 1.96s, 51.0 req/s, 0 errors, server 538% CPU -> /Users/manav/Documents/pq-shield/results/raw/classical-tabular_small-c10-r4-20261002T151139.csv
  -> classical | concurrency=10 | rep=5 | requests=100
     done in 1.86s, 53.8 req/s, 0 errors, server 528% CPU -> /Users/manav/Documents/pq-shield/results/raw/classical-tabular_small-c10-r5-20261002T151139.csv
Stopping server: classical

=== Starting server: classical-ecdhe (api.server_config_ecdhe:app), payload_profile=tabular_small ===
Server healthy (pid=7056).
  -> classical-ecdhe | concurrency=10 | rep=1 | requests=100
     done in 0.99s, 101.1 req/s, 0 errors, server 92% CPU -> /Users/manav/Documents/pq-shield/results/raw/classical-ecdhe-tabular_small-c10-r1-20261002T151139.csv
  -> classical-ecdhe | concurrency=10 | rep=2 | requests=100
     done in 0.98s, 102.5 req/s, 0 errors, server 92% CPU -> /Users/manav/Documents/pq-shield/results/raw/classical-ecdhe-tabular_small-c10-r2-20261002T151139.csv
  -> classical-ecdhe | concurrency=10 | rep=3 | requests=100
     done in 0.98s, 101.6 req/s, 0 errors, server 92% CPU -> /Users/manav/Documents/pq-shield/results/raw/classical-ecdhe-tabular_small-c10-r3-20261002T151139.csv
  -> classical-ecdhe | concurrency=10 | rep=4 | requests=100
     done in 0.99s, 100.8 req/s, 0 errors, server 92% CPU -> /Users/manav/Documents/pq-shield/results/raw/classical-ecdhe-tabular_small-c10-r4-20261002T151139.csv
  -> classical-ecdhe | concurrency=10 | rep=5 | requests=100
     done in 1.01s, 98.5 req/s, 0 errors, server 92% CPU -> /Users/manav/Documents/pq-shield/results/raw/classical-ecdhe-tabular_small-c10-r5-20261002T151139.csv
Stopping server: classical-ecdhe

=== Starting server: hybrid (api.server_config_b:app), payload_profile=tabular_small ===
Server healthy (pid=7073).
  -> hybrid | concurrency=10 | rep=1 | requests=100
     done in 0.97s, 102.8 req/s, 0 errors, server 92% CPU -> /Users/manav/Documents/pq-shield/results/raw/hybrid-tabular_small-c10-r1-20261002T151139.csv
  -> hybrid | concurrency=10 | rep=2 | requests=100
     done in 0.96s, 103.7 req/s, 0 errors, server 93% CPU -> /Users/manav/Documents/pq-shield/results/raw/hybrid-tabular_small-c10-r2-20261002T151139.csv
  -> hybrid | concurrency=10 | rep=3 | requests=100
     done in 0.96s, 104.1 req/s, 0 errors, server 93% CPU -> /Users/manav/Documents/pq-shield/results/raw/hybrid-tabular_small-c10-r3-20261002T151139.csv
  -> hybrid | concurrency=10 | rep=4 | requests=100
     done in 0.96s, 104.5 req/s, 0 errors, server 93% CPU -> /Users/manav/Documents/pq-shield/results/raw/hybrid-tabular_small-c10-r4-20261002T151139.csv
  -> hybrid | concurrency=10 | rep=5 | requests=100
     done in 0.99s, 101.1 req/s, 0 errors, server 92% CPU -> /Users/manav/Documents/pq-shield/results/raw/hybrid-tabular_small-c10-r5-20261002T151139.csv
Stopping server: hybrid

=== Starting server: hybrid-kex (api.server_config_hybridkex:app), payload_profile=tabular_small ===
Server healthy (pid=7095).
  -> hybrid-kex | concurrency=10 | rep=1 | requests=100
     done in 1.00s, 100.5 req/s, 0 errors, server 92% CPU -> /Users/manav/Documents/pq-shield/results/raw/hybrid-kex-tabular_small-c10-r1-20261002T151139.csv
  -> hybrid-kex | concurrency=10 | rep=2 | requests=100
     done in 0.98s, 102.6 req/s, 0 errors, server 92% CPU -> /Users/manav/Documents/pq-shield/results/raw/hybrid-kex-tabular_small-c10-r2-20261002T151139.csv
  -> hybrid-kex | concurrency=10 | rep=3 | requests=100
     done in 0.98s, 101.8 req/s, 0 errors, server 93% CPU -> /Users/manav/Documents/pq-shield/results/raw/hybrid-kex-tabular_small-c10-r3-20261002T151139.csv
  -> hybrid-kex | concurrency=10 | rep=4 | requests=100
     done in 0.98s, 101.6 req/s, 0 errors, server 93% CPU -> /Users/manav/Documents/pq-shield/results/raw/hybrid-kex-tabular_small-c10-r4-20261002T151139.csv
  -> hybrid-kex | concurrency=10 | rep=5 | requests=100
     done in 1.02s, 98.5 req/s, 0 errors, server 92% CPU -> /Users/manav/Documents/pq-shield/results/raw/hybrid-kex-tabular_small-c10-r5-20261002T151139.csv
Stopping server: hybrid-kex

=== Starting server: full-pqc (api.server_config_c:app), payload_profile=tabular_small ===
Server healthy (pid=7112).
  -> full-pqc | concurrency=10 | rep=1 | requests=100
     done in 0.96s, 103.7 req/s, 0 errors, server 94% CPU -> /Users/manav/Documents/pq-shield/results/raw/full-pqc-tabular_small-c10-r1-20261002T151139.csv
  -> full-pqc | concurrency=10 | rep=2 | requests=100
     done in 0.96s, 104.6 req/s, 0 errors, server 94% CPU -> /Users/manav/Documents/pq-shield/results/raw/full-pqc-tabular_small-c10-r2-20261002T151139.csv
  -> full-pqc | concurrency=10 | rep=3 | requests=100
     done in 0.95s, 104.9 req/s, 0 errors, server 94% CPU -> /Users/manav/Documents/pq-shield/results/raw/full-pqc-tabular_small-c10-r3-20261002T151139.csv
  -> full-pqc | concurrency=10 | rep=4 | requests=100
     done in 0.99s, 101.4 req/s, 0 errors, server 91% CPU -> /Users/manav/Documents/pq-shield/results/raw/full-pqc-tabular_small-c10-r4-20261002T151139.csv
  -> full-pqc | concurrency=10 | rep=5 | requests=100
     done in 0.98s, 102.0 req/s, 0 errors, server 94% CPU -> /Users/manav/Documents/pq-shield/results/raw/full-pqc-tabular_small-c10-r5-20261002T151139.csv
Stopping server: full-pqc

Wrote per-cell summary (incl. resource usage) to /Users/manav/Documents/pq-shield/results/sweep_summaries/20261002T151139.json
run_id=20261002T151228 network_profile=metro

=== Starting server: control (api.server:app), payload_profile=tabular_small ===
Server healthy (pid=7136).
netem proxy :9000 -> 127.0.0.1:8000 (rtt=10.0 ms, bw=100.0 Mbit/s per direction)
  -> control | concurrency=10 | rep=1 | requests=100
     done in 0.93s, 107.8 req/s, 0 errors, server 91% CPU -> /Users/manav/Documents/pq-shield/results/raw/control-tabular_small-net_metro-c10-r1-20261002T151228.csv
  -> control | concurrency=10 | rep=2 | requests=100
     done in 0.92s, 108.5 req/s, 0 errors, server 92% CPU -> /Users/manav/Documents/pq-shield/results/raw/control-tabular_small-net_metro-c10-r2-20261002T151228.csv
  -> control | concurrency=10 | rep=3 | requests=100
     done in 0.91s, 109.8 req/s, 0 errors, server 93% CPU -> /Users/manav/Documents/pq-shield/results/raw/control-tabular_small-net_metro-c10-r3-20261002T151228.csv
  -> control | concurrency=10 | rep=4 | requests=100
     done in 0.93s, 107.2 req/s, 0 errors, server 92% CPU -> /Users/manav/Documents/pq-shield/results/raw/control-tabular_small-net_metro-c10-r4-20261002T151228.csv
  -> control | concurrency=10 | rep=5 | requests=100
     done in 0.95s, 104.9 req/s, 0 errors, server 92% CPU -> /Users/manav/Documents/pq-shield/results/raw/control-tabular_small-net_metro-c10-r5-20261002T151228.csv
Stopping server: control

=== Starting server: classical (api.server_config_a:app), payload_profile=tabular_small ===
Server healthy (pid=7160).
netem proxy :9000 -> 127.0.0.1:8000 (rtt=10.0 ms, bw=100.0 Mbit/s per direction)
  -> classical | concurrency=10 | rep=1 | requests=100
     done in 1.93s, 51.9 req/s, 0 errors, server 485% CPU -> /Users/manav/Documents/pq-shield/results/raw/classical-tabular_small-net_metro-c10-r1-20261002T151228.csv
  -> classical | concurrency=10 | rep=2 | requests=100
     done in 1.88s, 53.1 req/s, 0 errors, server 501% CPU -> /Users/manav/Documents/pq-shield/results/raw/classical-tabular_small-net_metro-c10-r2-20261002T151228.csv
  -> classical | concurrency=10 | rep=3 | requests=100
     done in 2.03s, 49.4 req/s, 0 errors, server 511% CPU -> /Users/manav/Documents/pq-shield/results/raw/classical-tabular_small-net_metro-c10-r3-20261002T151228.csv
  -> classical | concurrency=10 | rep=4 | requests=100
     done in 1.73s, 57.8 req/s, 0 errors, server 461% CPU -> /Users/manav/Documents/pq-shield/results/raw/classical-tabular_small-net_metro-c10-r4-20261002T151228.csv
  -> classical | concurrency=10 | rep=5 | requests=100
     done in 2.40s, 41.7 req/s, 0 errors, server 425% CPU -> /Users/manav/Documents/pq-shield/results/raw/classical-tabular_small-net_metro-c10-r5-20261002T151228.csv
Stopping server: classical

=== Starting server: classical-ecdhe (api.server_config_ecdhe:app), payload_profile=tabular_small ===
Server healthy (pid=7212).
netem proxy :9000 -> 127.0.0.1:8000 (rtt=10.0 ms, bw=100.0 Mbit/s per direction)
  -> classical-ecdhe | concurrency=10 | rep=1 | requests=100
     done in 1.09s, 91.7 req/s, 0 errors, server 92% CPU -> /Users/manav/Documents/pq-shield/results/raw/classical-ecdhe-tabular_small-net_metro-c10-r1-20261002T151228.csv
  -> classical-ecdhe | concurrency=10 | rep=2 | requests=100
     done in 1.10s, 90.9 req/s, 0 errors, server 91% CPU -> /Users/manav/Documents/pq-shield/results/raw/classical-ecdhe-tabular_small-net_metro-c10-r2-20261002T151228.csv
  -> classical-ecdhe | concurrency=10 | rep=3 | requests=100
     done in 1.06s, 93.9 req/s, 0 errors, server 93% CPU -> /Users/manav/Documents/pq-shield/results/raw/classical-ecdhe-tabular_small-net_metro-c10-r3-20261002T151228.csv
  -> classical-ecdhe | concurrency=10 | rep=4 | requests=100
     done in 1.08s, 92.8 req/s, 0 errors, server 92% CPU -> /Users/manav/Documents/pq-shield/results/raw/classical-ecdhe-tabular_small-net_metro-c10-r4-20261002T151228.csv
  -> classical-ecdhe | concurrency=10 | rep=5 | requests=100
     done in 1.10s, 91.1 req/s, 0 errors, server 88% CPU -> /Users/manav/Documents/pq-shield/results/raw/classical-ecdhe-tabular_small-net_metro-c10-r5-20261002T151228.csv
Stopping server: classical-ecdhe

=== Starting server: hybrid (api.server_config_b:app), payload_profile=tabular_small ===
Server healthy (pid=7237).
netem proxy :9000 -> 127.0.0.1:8000 (rtt=10.0 ms, bw=100.0 Mbit/s per direction)
  -> hybrid | concurrency=10 | rep=1 | requests=100
     done in 1.10s, 91.2 req/s, 0 errors, server 88% CPU -> /Users/manav/Documents/pq-shield/results/raw/hybrid-tabular_small-net_metro-c10-r1-20261002T151228.csv
  -> hybrid | concurrency=10 | rep=2 | requests=100
     done in 1.04s, 96.4 req/s, 0 errors, server 92% CPU -> /Users/manav/Documents/pq-shield/results/raw/hybrid-tabular_small-net_metro-c10-r2-20261002T151228.csv
  -> hybrid | concurrency=10 | rep=3 | requests=100
     done in 1.04s, 96.1 req/s, 0 errors, server 92% CPU -> /Users/manav/Documents/pq-shield/results/raw/hybrid-tabular_small-net_metro-c10-r3-20261002T151228.csv
  -> hybrid | concurrency=10 | rep=4 | requests=100
     done in 1.07s, 93.6 req/s, 0 errors, server 92% CPU -> /Users/manav/Documents/pq-shield/results/raw/hybrid-tabular_small-net_metro-c10-r4-20261002T151228.csv
  -> hybrid | concurrency=10 | rep=5 | requests=100
     done in 1.01s, 98.8 req/s, 0 errors, server 87% CPU -> /Users/manav/Documents/pq-shield/results/raw/hybrid-tabular_small-net_metro-c10-r5-20261002T151228.csv
Stopping server: hybrid

=== Starting server: hybrid-kex (api.server_config_hybridkex:app), payload_profile=tabular_small ===
Server healthy (pid=7260).
netem proxy :9000 -> 127.0.0.1:8000 (rtt=10.0 ms, bw=100.0 Mbit/s per direction)
  -> hybrid-kex | concurrency=10 | rep=1 | requests=100
     done in 1.08s, 92.5 req/s, 0 errors, server 92% CPU -> /Users/manav/Documents/pq-shield/results/raw/hybrid-kex-tabular_small-net_metro-c10-r1-20261002T151228.csv
  -> hybrid-kex | concurrency=10 | rep=2 | requests=100
     done in 1.04s, 96.0 req/s, 0 errors, server 93% CPU -> /Users/manav/Documents/pq-shield/results/raw/hybrid-kex-tabular_small-net_metro-c10-r2-20261002T151228.csv
  -> hybrid-kex | concurrency=10 | rep=3 | requests=100
     done in 1.04s, 95.9 req/s, 0 errors, server 93% CPU -> /Users/manav/Documents/pq-shield/results/raw/hybrid-kex-tabular_small-net_metro-c10-r3-20261002T151228.csv
  -> hybrid-kex | concurrency=10 | rep=4 | requests=100
     done in 1.11s, 90.4 req/s, 0 errors, server 91% CPU -> /Users/manav/Documents/pq-shield/results/raw/hybrid-kex-tabular_small-net_metro-c10-r4-20261002T151228.csv
  -> hybrid-kex | concurrency=10 | rep=5 | requests=100
     done in 1.05s, 94.9 req/s, 0 errors, server 92% CPU -> /Users/manav/Documents/pq-shield/results/raw/hybrid-kex-tabular_small-net_metro-c10-r5-20261002T151228.csv
Stopping server: hybrid-kex

=== Starting server: full-pqc (api.server_config_c:app), payload_profile=tabular_small ===
Server healthy (pid=7288).
netem proxy :9000 -> 127.0.0.1:8000 (rtt=10.0 ms, bw=100.0 Mbit/s per direction)
  -> full-pqc | concurrency=10 | rep=1 | requests=100
     done in 1.10s, 91.2 req/s, 0 errors, server 88% CPU -> /Users/manav/Documents/pq-shield/results/raw/full-pqc-tabular_small-net_metro-c10-r1-20261002T151228.csv
  -> full-pqc | concurrency=10 | rep=2 | requests=100
     done in 1.05s, 95.5 req/s, 0 errors, server 92% CPU -> /Users/manav/Documents/pq-shield/results/raw/full-pqc-tabular_small-net_metro-c10-r2-20261002T151228.csv
  -> full-pqc | concurrency=10 | rep=3 | requests=100
     done in 1.04s, 96.6 req/s, 0 errors, server 92% CPU -> /Users/manav/Documents/pq-shield/results/raw/full-pqc-tabular_small-net_metro-c10-r3-20261002T151228.csv
  -> full-pqc | concurrency=10 | rep=4 | requests=100
     done in 1.08s, 92.5 req/s, 0 errors, server 91% CPU -> /Users/manav/Documents/pq-shield/results/raw/full-pqc-tabular_small-net_metro-c10-r4-20261002T151228.csv
  -> full-pqc | concurrency=10 | rep=5 | requests=100
     done in 1.01s, 99.1 req/s, 0 errors, server 88% CPU -> /Users/manav/Documents/pq-shield/results/raw/full-pqc-tabular_small-net_metro-c10-r5-20261002T151228.csv
Stopping server: full-pqc

Wrote per-cell summary (incl. resource usage) to /Users/manav/Documents/pq-shield/results/sweep_summaries/20261002T151228.json
run_id=20261002T151325 network_profile=wan

=== Starting server: control (api.server:app), payload_profile=tabular_small ===
Server healthy (pid=7311).
netem proxy :9000 -> 127.0.0.1:8000 (rtt=50.0 ms, bw=20.0 Mbit/s per direction)
  -> control | concurrency=10 | rep=1 | requests=100
     done in 1.27s, 78.6 req/s, 0 errors, server 72% CPU -> /Users/manav/Documents/pq-shield/results/raw/control-tabular_small-net_wan-c10-r1-20261002T151325.csv
  -> control | concurrency=10 | rep=2 | requests=100
     done in 1.26s, 79.6 req/s, 0 errors, server 72% CPU -> /Users/manav/Documents/pq-shield/results/raw/control-tabular_small-net_wan-c10-r2-20261002T151325.csv
  -> control | concurrency=10 | rep=3 | requests=100
     done in 1.12s, 89.5 req/s, 0 errors, server 80% CPU -> /Users/manav/Documents/pq-shield/results/raw/control-tabular_small-net_wan-c10-r3-20261002T151325.csv
  -> control | concurrency=10 | rep=4 | requests=100
     done in 1.29s, 77.8 req/s, 0 errors, server 73% CPU -> /Users/manav/Documents/pq-shield/results/raw/control-tabular_small-net_wan-c10-r4-20261002T151325.csv
  -> control | concurrency=10 | rep=5 | requests=100
     done in 1.19s, 84.3 req/s, 0 errors, server 75% CPU -> /Users/manav/Documents/pq-shield/results/raw/control-tabular_small-net_wan-c10-r5-20261002T151325.csv
Stopping server: control

=== Starting server: classical (api.server_config_a:app), payload_profile=tabular_small ===
Server healthy (pid=7337).
netem proxy :9000 -> 127.0.0.1:8000 (rtt=50.0 ms, bw=20.0 Mbit/s per direction)
  -> classical | concurrency=10 | rep=1 | requests=100
     done in 2.27s, 44.1 req/s, 0 errors, server 363% CPU -> /Users/manav/Documents/pq-shield/results/raw/classical-tabular_small-net_wan-c10-r1-20261002T151325.csv
  -> classical | concurrency=10 | rep=2 | requests=100
     done in 2.28s, 43.9 req/s, 0 errors, server 356% CPU -> /Users/manav/Documents/pq-shield/results/raw/classical-tabular_small-net_wan-c10-r2-20261002T151325.csv
  -> classical | concurrency=10 | rep=3 | requests=100
     done in 2.39s, 41.8 req/s, 0 errors, server 387% CPU -> /Users/manav/Documents/pq-shield/results/raw/classical-tabular_small-net_wan-c10-r3-20261002T151325.csv
  -> classical | concurrency=10 | rep=4 | requests=100
     done in 2.39s, 41.8 req/s, 0 errors, server 360% CPU -> /Users/manav/Documents/pq-shield/results/raw/classical-tabular_small-net_wan-c10-r4-20261002T151325.csv
  -> classical | concurrency=10 | rep=5 | requests=100
     done in 2.36s, 42.3 req/s, 0 errors, server 322% CPU -> /Users/manav/Documents/pq-shield/results/raw/classical-tabular_small-net_wan-c10-r5-20261002T151325.csv
Stopping server: classical

=== Starting server: classical-ecdhe (api.server_config_ecdhe:app), payload_profile=tabular_small ===
Server healthy (pid=7380).
netem proxy :9000 -> 127.0.0.1:8000 (rtt=50.0 ms, bw=20.0 Mbit/s per direction)
  -> classical-ecdhe | concurrency=10 | rep=1 | requests=100
     done in 1.82s, 55.0 req/s, 0 errors, server 57% CPU -> /Users/manav/Documents/pq-shield/results/raw/classical-ecdhe-tabular_small-net_wan-c10-r1-20261002T151325.csv
  -> classical-ecdhe | concurrency=10 | rep=2 | requests=100
     done in 2.00s, 50.1 req/s, 0 errors, server 52% CPU -> /Users/manav/Documents/pq-shield/results/raw/classical-ecdhe-tabular_small-net_wan-c10-r2-20261002T151325.csv
  -> classical-ecdhe | concurrency=10 | rep=3 | requests=100
     done in 1.84s, 54.2 req/s, 0 errors, server 55% CPU -> /Users/manav/Documents/pq-shield/results/raw/classical-ecdhe-tabular_small-net_wan-c10-r3-20261002T151325.csv
  -> classical-ecdhe | concurrency=10 | rep=4 | requests=100
     done in 1.92s, 52.2 req/s, 0 errors, server 56% CPU -> /Users/manav/Documents/pq-shield/results/raw/classical-ecdhe-tabular_small-net_wan-c10-r4-20261002T151325.csv
  -> classical-ecdhe | concurrency=10 | rep=5 | requests=100
     done in 1.88s, 53.3 req/s, 0 errors, server 54% CPU -> /Users/manav/Documents/pq-shield/results/raw/classical-ecdhe-tabular_small-net_wan-c10-r5-20261002T151325.csv
Stopping server: classical-ecdhe

=== Starting server: hybrid (api.server_config_b:app), payload_profile=tabular_small ===
Server healthy (pid=7415).
netem proxy :9000 -> 127.0.0.1:8000 (rtt=50.0 ms, bw=20.0 Mbit/s per direction)
  -> hybrid | concurrency=10 | rep=1 | requests=100
     done in 1.82s, 54.9 req/s, 0 errors, server 57% CPU -> /Users/manav/Documents/pq-shield/results/raw/hybrid-tabular_small-net_wan-c10-r1-20261002T151325.csv
  -> hybrid | concurrency=10 | rep=2 | requests=100
     done in 1.68s, 59.6 req/s, 0 errors, server 58% CPU -> /Users/manav/Documents/pq-shield/results/raw/hybrid-tabular_small-net_wan-c10-r2-20261002T151325.csv
  -> hybrid | concurrency=10 | rep=3 | requests=100
     done in 1.84s, 54.4 req/s, 0 errors, server 55% CPU -> /Users/manav/Documents/pq-shield/results/raw/hybrid-tabular_small-net_wan-c10-r3-20261002T151325.csv
  -> hybrid | concurrency=10 | rep=4 | requests=100
     done in 1.88s, 53.1 req/s, 0 errors, server 54% CPU -> /Users/manav/Documents/pq-shield/results/raw/hybrid-tabular_small-net_wan-c10-r4-20261002T151325.csv
  -> hybrid | concurrency=10 | rep=5 | requests=100
     done in 1.86s, 53.6 req/s, 0 errors, server 54% CPU -> /Users/manav/Documents/pq-shield/results/raw/hybrid-tabular_small-net_wan-c10-r5-20261002T151325.csv
Stopping server: hybrid

=== Starting server: hybrid-kex (api.server_config_hybridkex:app), payload_profile=tabular_small ===
Server healthy (pid=7449).
netem proxy :9000 -> 127.0.0.1:8000 (rtt=50.0 ms, bw=20.0 Mbit/s per direction)
  -> hybrid-kex | concurrency=10 | rep=1 | requests=100
     done in 1.97s, 50.7 req/s, 0 errors, server 54% CPU -> /Users/manav/Documents/pq-shield/results/raw/hybrid-kex-tabular_small-net_wan-c10-r1-20261002T151325.csv
  -> hybrid-kex | concurrency=10 | rep=2 | requests=100
     done in 1.86s, 53.6 req/s, 0 errors, server 55% CPU -> /Users/manav/Documents/pq-shield/results/raw/hybrid-kex-tabular_small-net_wan-c10-r2-20261002T151325.csv
  -> hybrid-kex | concurrency=10 | rep=3 | requests=100
     done in 1.73s, 57.7 req/s, 0 errors, server 59% CPU -> /Users/manav/Documents/pq-shield/results/raw/hybrid-kex-tabular_small-net_wan-c10-r3-20261002T151325.csv
  -> hybrid-kex | concurrency=10 | rep=4 | requests=100
     done in 1.74s, 57.4 req/s, 0 errors, server 59% CPU -> /Users/manav/Documents/pq-shield/results/raw/hybrid-kex-tabular_small-net_wan-c10-r4-20261002T151325.csv
  -> hybrid-kex | concurrency=10 | rep=5 | requests=100
     done in 1.74s, 57.3 req/s, 0 errors, server 57% CPU -> /Users/manav/Documents/pq-shield/results/raw/hybrid-kex-tabular_small-net_wan-c10-r5-20261002T151325.csv
Stopping server: hybrid-kex

=== Starting server: full-pqc (api.server_config_c:app), payload_profile=tabular_small ===
Server healthy (pid=7482).
netem proxy :9000 -> 127.0.0.1:8000 (rtt=50.0 ms, bw=20.0 Mbit/s per direction)
  -> full-pqc | concurrency=10 | rep=1 | requests=100
     done in 1.89s, 53.0 req/s, 0 errors, server 55% CPU -> /Users/manav/Documents/pq-shield/results/raw/full-pqc-tabular_small-net_wan-c10-r1-20261002T151325.csv
  -> full-pqc | concurrency=10 | rep=2 | requests=100
     done in 1.71s, 58.6 req/s, 0 errors, server 59% CPU -> /Users/manav/Documents/pq-shield/results/raw/full-pqc-tabular_small-net_wan-c10-r2-20261002T151325.csv
  -> full-pqc | concurrency=10 | rep=3 | requests=100
     done in 1.75s, 57.0 req/s, 0 errors, server 55% CPU -> /Users/manav/Documents/pq-shield/results/raw/full-pqc-tabular_small-net_wan-c10-r3-20261002T151325.csv
  -> full-pqc | concurrency=10 | rep=4 | requests=100
     done in 1.86s, 53.8 req/s, 0 errors, server 56% CPU -> /Users/manav/Documents/pq-shield/results/raw/full-pqc-tabular_small-net_wan-c10-r4-20261002T151325.csv
  -> full-pqc | concurrency=10 | rep=5 | requests=100
     done in 1.68s, 59.4 req/s, 0 errors, server 60% CPU -> /Users/manav/Documents/pq-shield/results/raw/full-pqc-tabular_small-net_wan-c10-r5-20261002T151325.csv
Stopping server: full-pqc

Wrote per-cell summary (incl. resource usage) to /Users/manav/Documents/pq-shield/results/sweep_summaries/20261002T151325.json
run_id=20261002T151441 network_profile=mobile

=== Starting server: control (api.server:app), payload_profile=tabular_small ===
Server healthy (pid=7512).
netem proxy :9000 -> 127.0.0.1:8000 (rtt=100.0 ms, bw=5.0 Mbit/s per direction)
  -> control | concurrency=10 | rep=1 | requests=100
     done in 1.62s, 61.5 req/s, 0 errors, server 59% CPU -> /Users/manav/Documents/pq-shield/results/raw/control-tabular_small-net_mobile-c10-r1-20261002T151441.csv
  -> control | concurrency=10 | rep=2 | requests=100
     done in 1.65s, 60.8 req/s, 0 errors, server 58% CPU -> /Users/manav/Documents/pq-shield/results/raw/control-tabular_small-net_mobile-c10-r2-20261002T151441.csv
  -> control | concurrency=10 | rep=3 | requests=100
     done in 1.72s, 58.1 req/s, 0 errors, server 57% CPU -> /Users/manav/Documents/pq-shield/results/raw/control-tabular_small-net_mobile-c10-r3-20261002T151441.csv
  -> control | concurrency=10 | rep=4 | requests=100
     done in 1.85s, 54.1 req/s, 0 errors, server 56% CPU -> /Users/manav/Documents/pq-shield/results/raw/control-tabular_small-net_mobile-c10-r4-20261002T151441.csv
  -> control | concurrency=10 | rep=5 | requests=100
     done in 1.74s, 57.4 req/s, 0 errors, server 57% CPU -> /Users/manav/Documents/pq-shield/results/raw/control-tabular_small-net_mobile-c10-r5-20261002T151441.csv
Stopping server: control

=== Starting server: classical (api.server_config_a:app), payload_profile=tabular_small ===
Server healthy (pid=7546).
netem proxy :9000 -> 127.0.0.1:8000 (rtt=100.0 ms, bw=5.0 Mbit/s per direction)
  -> classical | concurrency=10 | rep=1 | requests=100
     done in 3.46s, 28.9 req/s, 0 errors, server 241% CPU -> /Users/manav/Documents/pq-shield/results/raw/classical-tabular_small-net_mobile-c10-r1-20261002T151441.csv
  -> classical | concurrency=10 | rep=2 | requests=100
     done in 3.43s, 29.1 req/s, 0 errors, server 250% CPU -> /Users/manav/Documents/pq-shield/results/raw/classical-tabular_small-net_mobile-c10-r2-20261002T151441.csv
  -> classical | concurrency=10 | rep=3 | requests=100
     done in 3.42s, 29.2 req/s, 0 errors, server 254% CPU -> /Users/manav/Documents/pq-shield/results/raw/classical-tabular_small-net_mobile-c10-r3-20261002T151441.csv
  -> classical | concurrency=10 | rep=4 | requests=100
     done in 3.34s, 30.0 req/s, 0 errors, server 252% CPU -> /Users/manav/Documents/pq-shield/results/raw/classical-tabular_small-net_mobile-c10-r4-20261002T151441.csv
  -> classical | concurrency=10 | rep=5 | requests=100
     done in 3.38s, 29.6 req/s, 0 errors, server 245% CPU -> /Users/manav/Documents/pq-shield/results/raw/classical-tabular_small-net_mobile-c10-r5-20261002T151441.csv
Stopping server: classical

=== Starting server: classical-ecdhe (api.server_config_ecdhe:app), payload_profile=tabular_small ===
Server healthy (pid=7622).
netem proxy :9000 -> 127.0.0.1:8000 (rtt=100.0 ms, bw=5.0 Mbit/s per direction)
  -> classical-ecdhe | concurrency=10 | rep=1 | requests=100
     done in 2.99s, 33.4 req/s, 0 errors, server 40% CPU -> /Users/manav/Documents/pq-shield/results/raw/classical-ecdhe-tabular_small-net_mobile-c10-r1-20261002T151441.csv
  -> classical-ecdhe | concurrency=10 | rep=2 | requests=100
     done in 3.05s, 32.8 req/s, 0 errors, server 39% CPU -> /Users/manav/Documents/pq-shield/results/raw/classical-ecdhe-tabular_small-net_mobile-c10-r2-20261002T151441.csv
  -> classical-ecdhe | concurrency=10 | rep=3 | requests=100
     done in 2.74s, 36.5 req/s, 0 errors, server 41% CPU -> /Users/manav/Documents/pq-shield/results/raw/classical-ecdhe-tabular_small-net_mobile-c10-r3-20261002T151441.csv
  -> classical-ecdhe | concurrency=10 | rep=4 | requests=100
     done in 3.11s, 32.2 req/s, 0 errors, server 40% CPU -> /Users/manav/Documents/pq-shield/results/raw/classical-ecdhe-tabular_small-net_mobile-c10-r4-20261002T151441.csv
  -> classical-ecdhe | concurrency=10 | rep=5 | requests=100
     done in 2.79s, 35.9 req/s, 0 errors, server 43% CPU -> /Users/manav/Documents/pq-shield/results/raw/classical-ecdhe-tabular_small-net_mobile-c10-r5-20261002T151441.csv
Stopping server: classical-ecdhe

=== Starting server: hybrid (api.server_config_b:app), payload_profile=tabular_small ===
Server healthy (pid=7673).
netem proxy :9000 -> 127.0.0.1:8000 (rtt=100.0 ms, bw=5.0 Mbit/s per direction)
  -> hybrid | concurrency=10 | rep=1 | requests=100
     done in 3.00s, 33.4 req/s, 0 errors, server 42% CPU -> /Users/manav/Documents/pq-shield/results/raw/hybrid-tabular_small-net_mobile-c10-r1-20261002T151441.csv
  -> hybrid | concurrency=10 | rep=2 | requests=100
     done in 2.99s, 33.4 req/s, 0 errors, server 41% CPU -> /Users/manav/Documents/pq-shield/results/raw/hybrid-tabular_small-net_mobile-c10-r2-20261002T151441.csv
  -> hybrid | concurrency=10 | rep=3 | requests=100
     done in 3.02s, 33.2 req/s, 0 errors, server 40% CPU -> /Users/manav/Documents/pq-shield/results/raw/hybrid-tabular_small-net_mobile-c10-r3-20261002T151441.csv
  -> hybrid | concurrency=10 | rep=4 | requests=100
     done in 2.84s, 35.2 req/s, 0 errors, server 43% CPU -> /Users/manav/Documents/pq-shield/results/raw/hybrid-tabular_small-net_mobile-c10-r4-20261002T151441.csv
  -> hybrid | concurrency=10 | rep=5 | requests=100
     done in 2.97s, 33.6 req/s, 0 errors, server 40% CPU -> /Users/manav/Documents/pq-shield/results/raw/hybrid-tabular_small-net_mobile-c10-r5-20261002T151441.csv
Stopping server: hybrid

=== Starting server: hybrid-kex (api.server_config_hybridkex:app), payload_profile=tabular_small ===
Server healthy (pid=7716).
netem proxy :9000 -> 127.0.0.1:8000 (rtt=100.0 ms, bw=5.0 Mbit/s per direction)
  -> hybrid-kex | concurrency=10 | rep=1 | requests=100
     done in 2.95s, 33.9 req/s, 0 errors, server 41% CPU -> /Users/manav/Documents/pq-shield/results/raw/hybrid-kex-tabular_small-net_mobile-c10-r1-20261002T151441.csv
  -> hybrid-kex | concurrency=10 | rep=2 | requests=100
     done in 3.00s, 33.4 req/s, 0 errors, server 41% CPU -> /Users/manav/Documents/pq-shield/results/raw/hybrid-kex-tabular_small-net_mobile-c10-r2-20261002T151441.csv
  -> hybrid-kex | concurrency=10 | rep=3 | requests=100
     done in 2.91s, 34.4 req/s, 0 errors, server 43% CPU -> /Users/manav/Documents/pq-shield/results/raw/hybrid-kex-tabular_small-net_mobile-c10-r3-20261002T151441.csv
  -> hybrid-kex | concurrency=10 | rep=4 | requests=100
     done in 2.99s, 33.4 req/s, 0 errors, server 42% CPU -> /Users/manav/Documents/pq-shield/results/raw/hybrid-kex-tabular_small-net_mobile-c10-r4-20261002T151441.csv
  -> hybrid-kex | concurrency=10 | rep=5 | requests=100
     done in 2.92s, 34.2 req/s, 0 errors, server 42% CPU -> /Users/manav/Documents/pq-shield/results/raw/hybrid-kex-tabular_small-net_mobile-c10-r5-20261002T151441.csv
Stopping server: hybrid-kex

=== Starting server: full-pqc (api.server_config_c:app), payload_profile=tabular_small ===
Server healthy (pid=7767).
netem proxy :9000 -> 127.0.0.1:8000 (rtt=100.0 ms, bw=5.0 Mbit/s per direction)
  -> full-pqc | concurrency=10 | rep=1 | requests=100
     done in 2.81s, 35.5 req/s, 0 errors, server 43% CPU -> /Users/manav/Documents/pq-shield/results/raw/full-pqc-tabular_small-net_mobile-c10-r1-20261002T151441.csv
  -> full-pqc | concurrency=10 | rep=2 | requests=100
     done in 2.78s, 36.0 req/s, 0 errors, server 41% CPU -> /Users/manav/Documents/pq-shield/results/raw/full-pqc-tabular_small-net_mobile-c10-r2-20261002T151441.csv
  -> full-pqc | concurrency=10 | rep=3 | requests=100
     done in 2.76s, 36.3 req/s, 0 errors, server 42% CPU -> /Users/manav/Documents/pq-shield/results/raw/full-pqc-tabular_small-net_mobile-c10-r3-20261002T151441.csv
  -> full-pqc | concurrency=10 | rep=4 | requests=100
     done in 2.84s, 35.2 req/s, 0 errors, server 43% CPU -> /Users/manav/Documents/pq-shield/results/raw/full-pqc-tabular_small-net_mobile-c10-r4-20261002T151441.csv
  -> full-pqc | concurrency=10 | rep=5 | requests=100
     done in 2.77s, 36.1 req/s, 0 errors, server 42% CPU -> /Users/manav/Documents/pq-shield/results/raw/full-pqc-tabular_small-net_mobile-c10-r5-20261002T151441.csv
Stopping server: full-pqc

Wrote per-cell summary (incl. resource usage) to /Users/manav/Documents/pq-shield/results/sweep_summaries/20261002T151441.json

[15:16:27] STEP 4 done in 4.8 min

[15:16:27] === STEP 5: single-transaction HNDL + MITM ===

[15:16:28] HNDL capture: classical
{
  "config": "classical",
  "n_requests": 1000,
  "n_ok": 1000,
  "total_bytes_stored": 433169,
  "bytes_per_request_mean": 433.169,
  "kex_bytes_per_request": 256,
  "signature_bytes_per_request": 71,
  "kex_decryptable_under_future_crqc": true,
  "projected_bytes_per_1000_requests": 433169.0
}

[15:18:02] MITM ciphertext tampering: classical
{
  "config": "classical",
  "tamper_target": "ciphertext",
  "n_requests": 100,
  "n_detected": 100,
  "detection_rate": 1.0,
  "detection_ms_mean": 0.007121260277926922,
  "detection_ms_median": 0.006687507266178727,
  "detection_ms_std": 0.0017202521641577731,
  "detection_ms_min": 0.005082983989268541,
  "detection_ms_max": 0.014999997802078724,
  "verdict": "ALL TAMPERED RESPONSES REJECTED"
}

[15:18:14] MITM signature tampering: classical
{
  "config": "classical",
  "tamper_target": "signature",
  "n_requests": 100,
  "n_detected": 100,
  "detection_rate": 1.0,
  "detection_ms_mean": 0.07512256968766451,
  "detection_ms_median": 0.06258301436901093,
  "detection_ms_std": 0.12169966825405784,
  "detection_ms_min": 0.05904101999476552,
  "detection_ms_max": 1.2796659721061587,
  "verdict": "ALL TAMPERED RESPONSES REJECTED"
}

[15:18:29] HNDL capture: classical-ecdhe
{
  "config": "classical_ecdhe",
  "n_requests": 1000,
  "n_ok": 1000,
  "total_bytes_stored": 209234,
  "bytes_per_request_mean": 209.234,
  "kex_bytes_per_request": 32,
  "signature_bytes_per_request": 70,
  "kex_decryptable_under_future_crqc": true,
  "projected_bytes_per_1000_requests": 209234.0
}

[15:19:00] MITM ciphertext tampering: classical-ecdhe
{
  "config": "classical_ecdhe",
  "tamper_target": "ciphertext",
  "n_requests": 100,
  "n_detected": 100,
  "detection_rate": 1.0,
  "detection_ms_mean": 0.00839705637190491,
  "detection_ms_median": 0.008104485459625721,
  "detection_ms_std": 0.001363608961071761,
  "detection_ms_min": 0.0070829992182552814,
  "detection_ms_max": 0.016457983292639256,
  "verdict": "ALL TAMPERED RESPONSES REJECTED"
}

[15:19:07] MITM signature tampering: classical-ecdhe
{
  "config": "classical_ecdhe",
  "tamper_target": "signature",
  "n_requests": 100,
  "n_detected": 100,
  "detection_rate": 1.0,
  "detection_ms_mean": 0.08492544235195965,
  "detection_ms_median": 0.08277097367681563,
  "detection_ms_std": 0.017168703657869114,
  "detection_ms_min": 0.06954098353162408,
  "detection_ms_max": 0.2490000333636999,
  "verdict": "ALL TAMPERED RESPONSES REJECTED"
}

[15:19:15] HNDL capture: hybrid
{
  "config": "hybrid",
  "n_requests": 1000,
  "n_ok": 1000,
  "total_bytes_stored": 1265087,
  "bytes_per_request_mean": 1265.087,
  "kex_bytes_per_request": 1088,
  "signature_bytes_per_request": 71,
  "kex_decryptable_under_future_crqc": false,
  "projected_bytes_per_1000_requests": 1265087.0
}

[15:19:46] MITM ciphertext tampering: hybrid
{
  "config": "hybrid",
  "tamper_target": "ciphertext",
  "n_requests": 100,
  "n_detected": 100,
  "detection_rate": 1.0,
  "detection_ms_mean": 0.008536265231668949,
  "detection_ms_median": 0.00820847344584763,
  "detection_ms_std": 0.0013732661146140007,
  "detection_ms_min": 0.007292022928595543,
  "detection_ms_max": 0.01633301144465804,
  "verdict": "ALL TAMPERED RESPONSES REJECTED"
}

[15:19:52] MITM signature tampering: hybrid
{
  "config": "hybrid",
  "tamper_target": "signature",
  "n_requests": 100,
  "n_detected": 100,
  "detection_rate": 1.0,
  "detection_ms_mean": 0.09631711931433529,
  "detection_ms_median": 0.08308299584314227,
  "detection_ms_std": 0.12715641432394714,
  "detection_ms_min": 0.06674998439848423,
  "detection_ms_max": 1.3543750392273068,
  "verdict": "ALL TAMPERED RESPONSES REJECTED"
}

[15:20:01] HNDL capture: hybrid-kex
{
  "config": "hybrid_kex",
  "n_requests": 1000,
  "n_ok": 1000,
  "total_bytes_stored": 1297178,
  "bytes_per_request_mean": 1297.178,
  "kex_bytes_per_request": 1120,
  "signature_bytes_per_request": 70,
  "kex_decryptable_under_future_crqc": false,
  "projected_bytes_per_1000_requests": 1297178.0
}

[15:20:32] MITM ciphertext tampering: hybrid-kex
{
  "config": "hybrid_kex",
  "tamper_target": "ciphertext",
  "n_requests": 100,
  "n_detected": 100,
  "detection_rate": 1.0,
  "detection_ms_mean": 0.008509180042892694,
  "detection_ms_median": 0.008083501597866416,
  "detection_ms_std": 0.001854966338131026,
  "detection_ms_min": 0.006832997314631939,
  "detection_ms_max": 0.019458995666354895,
  "verdict": "ALL TAMPERED RESPONSES REJECTED"
}

[15:20:38] MITM signature tampering: hybrid-kex
{
  "config": "hybrid_kex",
  "tamper_target": "signature",
  "n_requests": 100,
  "n_detected": 100,
  "detection_rate": 1.0,
  "detection_ms_mean": 0.08421206846833229,
  "detection_ms_median": 0.08193799294531345,
  "detection_ms_std": 0.016935794546187013,
  "detection_ms_min": 0.06787502206861973,
  "detection_ms_max": 0.24654099252074957,
  "verdict": "ALL TAMPERED RESPONSES REJECTED"
}

[15:20:47] HNDL capture: full-pqc
{
  "config": "full_pqc",
  "n_requests": 1000,
  "n_ok": 1000,
  "total_bytes_stored": 4503255,
  "bytes_per_request_mean": 4503.255,
  "kex_bytes_per_request": 1088,
  "signature_bytes_per_request": 3309,
  "kex_decryptable_under_future_crqc": false,
  "projected_bytes_per_1000_requests": 4503255.0
}

[15:21:18] MITM ciphertext tampering: full-pqc
{
  "config": "full_pqc",
  "tamper_target": "ciphertext",
  "n_requests": 100,
  "n_detected": 100,
  "detection_rate": 1.0,
  "detection_ms_mean": 0.008367921109311283,
  "detection_ms_median": 0.008187489584088326,
  "detection_ms_std": 0.0011817861043842638,
  "detection_ms_min": 0.006875023245811462,
  "detection_ms_max": 0.014082994312047958,
  "verdict": "ALL TAMPERED RESPONSES REJECTED"
}

[15:21:24] MITM signature tampering: full-pqc
{
  "config": "full_pqc",
  "tamper_target": "signature",
  "n_requests": 100,
  "n_detected": 100,
  "detection_rate": 1.0,
  "detection_ms_mean": 0.06182785902637988,
  "detection_ms_median": 0.05899948882870376,
  "detection_ms_std": 0.008624452068047109,
  "detection_ms_min": 0.045249995309859514,
  "detection_ms_max": 0.09620800847187638,
  "verdict": "ALL TAMPERED RESPONSES REJECTED"
}

[15:21:32] STEP 5 done in 5.1 min

[15:21:32] === STEP 6: streaming strategies (Llama) ===
run_id=20261002T152132 backend=llama_cpp

=== Starting server: classical (api.server_config_a:app) ===
Server healthy (pid=8615).
  (1 warm-up transaction(s) discarded)
  classical  per_chunk        tokens=200   chunk=5    k=None rep=1 -> ttft=129.8ms sig_bytes=2837    exposure=1 chunks OK
  classical  per_chunk        tokens=200   chunk=5    k=None rep=2 -> ttft=136.1ms sig_bytes=2846    exposure=1 chunks OK
  classical  per_chunk        tokens=200   chunk=5    k=None rep=3 -> ttft=126.8ms sig_bytes=2844    exposure=1 chunks OK
  classical  per_chunk        tokens=200   chunk=5    k=None rep=4 -> ttft=137.8ms sig_bytes=2827    exposure=1 chunks OK
  classical  per_chunk        tokens=200   chunk=5    k=None rep=5 -> ttft=136.5ms sig_bytes=2839    exposure=1 chunks OK
  classical  per_chunk        tokens=200   chunk=5    k=None rep=6 -> ttft=126.2ms sig_bytes=2834    exposure=1 chunks OK
  classical  per_chunk        tokens=200   chunk=5    k=None rep=7 -> ttft=131.4ms sig_bytes=2841    exposure=1 chunks OK
  classical  per_chunk        tokens=200   chunk=5    k=None rep=8 -> ttft=125.8ms sig_bytes=2850    exposure=1 chunks OK
  classical  per_chunk        tokens=200   chunk=5    k=None rep=9 -> ttft=133.6ms sig_bytes=2841    exposure=1 chunks OK
  classical  per_chunk        tokens=200   chunk=5    k=None rep=10 -> ttft=125.6ms sig_bytes=2845    exposure=1 chunks OK
  classical  hash_chain       tokens=200   chunk=5    k=None rep=1 -> ttft=125.6ms sig_bytes=71      exposure=40 chunks OK
  classical  hash_chain       tokens=200   chunk=5    k=None rep=2 -> ttft=126.4ms sig_bytes=70      exposure=40 chunks OK
  classical  hash_chain       tokens=200   chunk=5    k=None rep=3 -> ttft=135.8ms sig_bytes=71      exposure=40 chunks OK
  classical  hash_chain       tokens=200   chunk=5    k=None rep=4 -> ttft=135.8ms sig_bytes=71      exposure=40 chunks OK
  classical  hash_chain       tokens=200   chunk=5    k=None rep=5 -> ttft=135.1ms sig_bytes=72      exposure=40 chunks OK
  classical  hash_chain       tokens=200   chunk=5    k=None rep=6 -> ttft=126.5ms sig_bytes=71      exposure=40 chunks OK
  classical  hash_chain       tokens=200   chunk=5    k=None rep=7 -> ttft=134.5ms sig_bytes=70      exposure=40 chunks OK
  classical  hash_chain       tokens=200   chunk=5    k=None rep=8 -> ttft=125.6ms sig_bytes=71      exposure=40 chunks OK
  classical  hash_chain       tokens=200   chunk=5    k=None rep=9 -> ttft=126.0ms sig_bytes=71      exposure=40 chunks OK
  classical  hash_chain       tokens=200   chunk=5    k=None rep=10 -> ttft=126.3ms sig_bytes=71      exposure=40 chunks OK
  classical  buffer_and_sign  tokens=50    chunk=5    k=None rep=1 -> ttft=1227.3ms sig_bytes=71      exposure=0 chunks OK
  classical  buffer_and_sign  tokens=50    chunk=5    k=None rep=2 -> ttft=1236.8ms sig_bytes=70      exposure=0 chunks OK
  classical  buffer_and_sign  tokens=50    chunk=5    k=None rep=3 -> ttft=1228.9ms sig_bytes=72      exposure=0 chunks OK
  classical  buffer_and_sign  tokens=50    chunk=5    k=None rep=4 -> ttft=1231.6ms sig_bytes=72      exposure=0 chunks OK
  classical  buffer_and_sign  tokens=50    chunk=5    k=None rep=5 -> ttft=1242.2ms sig_bytes=72      exposure=0 chunks OK
  classical  buffer_and_sign  tokens=50    chunk=5    k=None rep=6 -> ttft=1232.2ms sig_bytes=70      exposure=0 chunks OK
  classical  buffer_and_sign  tokens=50    chunk=5    k=None rep=7 -> ttft=1228.8ms sig_bytes=71      exposure=0 chunks OK
  classical  buffer_and_sign  tokens=50    chunk=5    k=None rep=8 -> ttft=1229.5ms sig_bytes=71      exposure=0 chunks OK
  classical  buffer_and_sign  tokens=50    chunk=5    k=None rep=9 -> ttft=1228.3ms sig_bytes=72      exposure=0 chunks OK
  classical  buffer_and_sign  tokens=50    chunk=5    k=None rep=10 -> ttft=1228.6ms sig_bytes=70      exposure=0 chunks OK
  classical  hash_chain       tokens=50    chunk=5    k=None rep=1 -> ttft=125.5ms sig_bytes=71      exposure=10 chunks OK
  classical  hash_chain       tokens=50    chunk=5    k=None rep=2 -> ttft=127.1ms sig_bytes=71      exposure=10 chunks OK
  classical  hash_chain       tokens=50    chunk=5    k=None rep=3 -> ttft=125.9ms sig_bytes=72      exposure=10 chunks OK
  classical  hash_chain       tokens=50    chunk=5    k=None rep=4 -> ttft=125.9ms sig_bytes=72      exposure=10 chunks OK
  classical  hash_chain       tokens=50    chunk=5    k=None rep=5 -> ttft=126.5ms sig_bytes=71      exposure=10 chunks OK
  classical  hash_chain       tokens=50    chunk=5    k=None rep=6 -> ttft=125.8ms sig_bytes=71      exposure=10 chunks OK
  classical  hash_chain       tokens=50    chunk=5    k=None rep=7 -> ttft=129.2ms sig_bytes=71      exposure=10 chunks OK
  classical  hash_chain       tokens=50    chunk=5    k=None rep=8 -> ttft=125.6ms sig_bytes=72      exposure=10 chunks OK
  classical  hash_chain       tokens=50    chunk=5    k=None rep=9 -> ttft=125.6ms sig_bytes=71      exposure=10 chunks OK
  classical  hash_chain       tokens=50    chunk=5    k=None rep=10 -> ttft=126.1ms sig_bytes=70      exposure=10 chunks OK
  classical  buffer_and_sign  tokens=200   chunk=5    k=None rep=1 -> ttft=4917.6ms sig_bytes=72      exposure=0 chunks OK
  classical  buffer_and_sign  tokens=200   chunk=5    k=None rep=2 -> ttft=4923.4ms sig_bytes=71      exposure=0 chunks OK
  classical  buffer_and_sign  tokens=200   chunk=5    k=None rep=3 -> ttft=4916.7ms sig_bytes=70      exposure=0 chunks OK
  classical  buffer_and_sign  tokens=200   chunk=5    k=None rep=4 -> ttft=4926.5ms sig_bytes=72      exposure=0 chunks OK
  classical  buffer_and_sign  tokens=200   chunk=5    k=None rep=5 -> ttft=4927.3ms sig_bytes=72      exposure=0 chunks OK
  classical  buffer_and_sign  tokens=200   chunk=5    k=None rep=6 -> ttft=4928.5ms sig_bytes=72      exposure=0 chunks OK
  classical  buffer_and_sign  tokens=200   chunk=5    k=None rep=7 -> ttft=4923.7ms sig_bytes=72      exposure=0 chunks OK
  classical  buffer_and_sign  tokens=200   chunk=5    k=None rep=8 -> ttft=4940.5ms sig_bytes=70      exposure=0 chunks OK
  classical  buffer_and_sign  tokens=200   chunk=5    k=None rep=9 -> ttft=5074.5ms sig_bytes=71      exposure=0 chunks OK
  classical  buffer_and_sign  tokens=200   chunk=5    k=None rep=10 -> ttft=5281.1ms sig_bytes=72      exposure=0 chunks OK
  classical  per_chunk        tokens=50    chunk=5    k=None rep=1 -> ttft=129.2ms sig_bytes=712     exposure=1 chunks OK
  classical  per_chunk        tokens=50    chunk=5    k=None rep=2 -> ttft=126.0ms sig_bytes=708     exposure=1 chunks OK
  classical  per_chunk        tokens=50    chunk=5    k=None rep=3 -> ttft=125.9ms sig_bytes=709     exposure=1 chunks OK
  classical  per_chunk        tokens=50    chunk=5    k=None rep=4 -> ttft=130.4ms sig_bytes=709     exposure=1 chunks OK
  classical  per_chunk        tokens=50    chunk=5    k=None rep=5 -> ttft=133.5ms sig_bytes=707     exposure=1 chunks OK
  classical  per_chunk        tokens=50    chunk=5    k=None rep=6 -> ttft=125.6ms sig_bytes=713     exposure=1 chunks OK
  classical  per_chunk        tokens=50    chunk=5    k=None rep=7 -> ttft=135.9ms sig_bytes=711     exposure=1 chunks OK
  classical  per_chunk        tokens=50    chunk=5    k=None rep=8 -> ttft=126.2ms sig_bytes=710     exposure=1 chunks OK
  classical  per_chunk        tokens=50    chunk=5    k=None rep=9 -> ttft=133.5ms sig_bytes=711     exposure=1 chunks OK
  classical  per_chunk        tokens=50    chunk=5    k=None rep=10 -> ttft=126.6ms sig_bytes=706     exposure=1 chunks OK
Wrote 60 rows to /Users/manav/Documents/pq-shield/results/streaming/classical-streaming-20261002T152132.csv
Stopping server: classical

=== Starting server: classical-ecdhe (api.server_config_ecdhe:app) ===
Server healthy (pid=9106).
  (1 warm-up transaction(s) discarded)
  classical-ecdhe per_chunk        tokens=200   chunk=5    k=None rep=1 -> ttft=126.8ms sig_bytes=2845    exposure=1 chunks OK
  classical-ecdhe per_chunk        tokens=200   chunk=5    k=None rep=2 -> ttft=124.1ms sig_bytes=2835    exposure=1 chunks OK
  classical-ecdhe per_chunk        tokens=200   chunk=5    k=None rep=3 -> ttft=124.4ms sig_bytes=2842    exposure=1 chunks OK
  classical-ecdhe per_chunk        tokens=200   chunk=5    k=None rep=4 -> ttft=124.5ms sig_bytes=2838    exposure=1 chunks OK
  classical-ecdhe per_chunk        tokens=200   chunk=5    k=None rep=5 -> ttft=124.5ms sig_bytes=2841    exposure=1 chunks OK
  classical-ecdhe per_chunk        tokens=200   chunk=5    k=None rep=6 -> ttft=124.6ms sig_bytes=2846    exposure=1 chunks OK
  classical-ecdhe per_chunk        tokens=200   chunk=5    k=None rep=7 -> ttft=124.2ms sig_bytes=2839    exposure=1 chunks OK
  classical-ecdhe per_chunk        tokens=200   chunk=5    k=None rep=8 -> ttft=124.6ms sig_bytes=2840    exposure=1 chunks OK
  classical-ecdhe per_chunk        tokens=200   chunk=5    k=None rep=9 -> ttft=124.5ms sig_bytes=2841    exposure=1 chunks OK
  classical-ecdhe per_chunk        tokens=200   chunk=5    k=None rep=10 -> ttft=124.6ms sig_bytes=2835    exposure=1 chunks OK
  classical-ecdhe hash_chain       tokens=50    chunk=5    k=None rep=1 -> ttft=124.3ms sig_bytes=71      exposure=10 chunks OK
  classical-ecdhe hash_chain       tokens=50    chunk=5    k=None rep=2 -> ttft=124.2ms sig_bytes=71      exposure=10 chunks OK
  classical-ecdhe hash_chain       tokens=50    chunk=5    k=None rep=3 -> ttft=124.3ms sig_bytes=71      exposure=10 chunks OK
  classical-ecdhe hash_chain       tokens=50    chunk=5    k=None rep=4 -> ttft=125.7ms sig_bytes=72      exposure=10 chunks OK
  classical-ecdhe hash_chain       tokens=50    chunk=5    k=None rep=5 -> ttft=124.8ms sig_bytes=72      exposure=10 chunks OK
  classical-ecdhe hash_chain       tokens=50    chunk=5    k=None rep=6 -> ttft=124.4ms sig_bytes=71      exposure=10 chunks OK
  classical-ecdhe hash_chain       tokens=50    chunk=5    k=None rep=7 -> ttft=124.8ms sig_bytes=70      exposure=10 chunks OK
  classical-ecdhe hash_chain       tokens=50    chunk=5    k=None rep=8 -> ttft=125.0ms sig_bytes=70      exposure=10 chunks OK
  classical-ecdhe hash_chain       tokens=50    chunk=5    k=None rep=9 -> ttft=124.8ms sig_bytes=70      exposure=10 chunks OK
  classical-ecdhe hash_chain       tokens=50    chunk=5    k=None rep=10 -> ttft=124.7ms sig_bytes=70      exposure=10 chunks OK
  classical-ecdhe buffer_and_sign  tokens=50    chunk=5    k=None rep=1 -> ttft=1236.5ms sig_bytes=71      exposure=0 chunks OK
  classical-ecdhe buffer_and_sign  tokens=50    chunk=5    k=None rep=2 -> ttft=1237.7ms sig_bytes=70      exposure=0 chunks OK
  classical-ecdhe buffer_and_sign  tokens=50    chunk=5    k=None rep=3 -> ttft=1236.1ms sig_bytes=71      exposure=0 chunks OK
  classical-ecdhe buffer_and_sign  tokens=50    chunk=5    k=None rep=4 -> ttft=1238.1ms sig_bytes=70      exposure=0 chunks OK
  classical-ecdhe buffer_and_sign  tokens=50    chunk=5    k=None rep=5 -> ttft=1236.1ms sig_bytes=71      exposure=0 chunks OK
  classical-ecdhe buffer_and_sign  tokens=50    chunk=5    k=None rep=6 -> ttft=1242.2ms sig_bytes=70      exposure=0 chunks OK
  classical-ecdhe buffer_and_sign  tokens=50    chunk=5    k=None rep=7 -> ttft=1244.7ms sig_bytes=70      exposure=0 chunks OK
  classical-ecdhe buffer_and_sign  tokens=50    chunk=5    k=None rep=8 -> ttft=1250.4ms sig_bytes=71      exposure=0 chunks OK
  classical-ecdhe buffer_and_sign  tokens=50    chunk=5    k=None rep=9 -> ttft=1249.6ms sig_bytes=71      exposure=0 chunks OK
  classical-ecdhe buffer_and_sign  tokens=50    chunk=5    k=None rep=10 -> ttft=1243.8ms sig_bytes=71      exposure=0 chunks OK
  classical-ecdhe hash_chain       tokens=200   chunk=5    k=None rep=1 -> ttft=126.4ms sig_bytes=72      exposure=40 chunks OK
  classical-ecdhe hash_chain       tokens=200   chunk=5    k=None rep=2 -> ttft=125.4ms sig_bytes=70      exposure=40 chunks OK
  classical-ecdhe hash_chain       tokens=200   chunk=5    k=None rep=3 -> ttft=125.1ms sig_bytes=72      exposure=40 chunks OK
  classical-ecdhe hash_chain       tokens=200   chunk=5    k=None rep=4 -> ttft=125.1ms sig_bytes=72      exposure=40 chunks OK
  classical-ecdhe hash_chain       tokens=200   chunk=5    k=None rep=5 -> ttft=125.5ms sig_bytes=71      exposure=40 chunks OK
  classical-ecdhe hash_chain       tokens=200   chunk=5    k=None rep=6 -> ttft=125.6ms sig_bytes=71      exposure=40 chunks OK
  classical-ecdhe hash_chain       tokens=200   chunk=5    k=None rep=7 -> ttft=125.4ms sig_bytes=71      exposure=40 chunks OK
  classical-ecdhe hash_chain       tokens=200   chunk=5    k=None rep=8 -> ttft=124.9ms sig_bytes=72      exposure=40 chunks OK
  classical-ecdhe hash_chain       tokens=200   chunk=5    k=None rep=9 -> ttft=125.3ms sig_bytes=71      exposure=40 chunks OK
  classical-ecdhe hash_chain       tokens=200   chunk=5    k=None rep=10 -> ttft=131.5ms sig_bytes=72      exposure=40 chunks OK
  classical-ecdhe per_chunk        tokens=50    chunk=5    k=None rep=1 -> ttft=131.4ms sig_bytes=709     exposure=1 chunks OK
  classical-ecdhe per_chunk        tokens=50    chunk=5    k=None rep=2 -> ttft=131.4ms sig_bytes=714     exposure=1 chunks OK
  classical-ecdhe per_chunk        tokens=50    chunk=5    k=None rep=3 -> ttft=129.3ms sig_bytes=711     exposure=1 chunks OK
  classical-ecdhe per_chunk        tokens=50    chunk=5    k=None rep=4 -> ttft=133.4ms sig_bytes=708     exposure=1 chunks OK
  classical-ecdhe per_chunk        tokens=50    chunk=5    k=None rep=5 -> ttft=132.7ms sig_bytes=706     exposure=1 chunks OK
  classical-ecdhe per_chunk        tokens=50    chunk=5    k=None rep=6 -> ttft=131.5ms sig_bytes=713     exposure=1 chunks OK
  classical-ecdhe per_chunk        tokens=50    chunk=5    k=None rep=7 -> ttft=131.1ms sig_bytes=711     exposure=1 chunks OK
  classical-ecdhe per_chunk        tokens=50    chunk=5    k=None rep=8 -> ttft=131.3ms sig_bytes=711     exposure=1 chunks OK
  classical-ecdhe per_chunk        tokens=50    chunk=5    k=None rep=9 -> ttft=131.5ms sig_bytes=712     exposure=1 chunks OK
  classical-ecdhe per_chunk        tokens=50    chunk=5    k=None rep=10 -> ttft=131.2ms sig_bytes=711     exposure=1 chunks OK
  classical-ecdhe buffer_and_sign  tokens=200   chunk=5    k=None rep=1 -> ttft=5303.4ms sig_bytes=70      exposure=0 chunks OK
  classical-ecdhe buffer_and_sign  tokens=200   chunk=5    k=None rep=2 -> ttft=5305.6ms sig_bytes=71      exposure=0 chunks OK
  classical-ecdhe buffer_and_sign  tokens=200   chunk=5    k=None rep=3 -> ttft=5300.2ms sig_bytes=71      exposure=0 chunks OK
  classical-ecdhe buffer_and_sign  tokens=200   chunk=5    k=None rep=4 -> ttft=5305.1ms sig_bytes=71      exposure=0 chunks OK
  classical-ecdhe buffer_and_sign  tokens=200   chunk=5    k=None rep=5 -> ttft=5301.2ms sig_bytes=70      exposure=0 chunks OK
  classical-ecdhe buffer_and_sign  tokens=200   chunk=5    k=None rep=6 -> ttft=5297.2ms sig_bytes=72      exposure=0 chunks OK
  classical-ecdhe buffer_and_sign  tokens=200   chunk=5    k=None rep=7 -> ttft=5298.1ms sig_bytes=70      exposure=0 chunks OK
  classical-ecdhe buffer_and_sign  tokens=200   chunk=5    k=None rep=8 -> ttft=5231.6ms sig_bytes=71      exposure=0 chunks OK
  classical-ecdhe buffer_and_sign  tokens=200   chunk=5    k=None rep=9 -> ttft=5178.2ms sig_bytes=70      exposure=0 chunks OK
  classical-ecdhe buffer_and_sign  tokens=200   chunk=5    k=None rep=10 -> ttft=5407.5ms sig_bytes=70      exposure=0 chunks OK
Wrote 60 rows to /Users/manav/Documents/pq-shield/results/streaming/classical-ecdhe-streaming-20261002T152132.csv
Stopping server: classical-ecdhe

=== Starting server: hybrid (api.server_config_b:app) ===
Server healthy (pid=9605).
  (1 warm-up transaction(s) discarded)
  hybrid     buffer_and_sign  tokens=50    chunk=5    k=None rep=1 -> ttft=1228.0ms sig_bytes=72      exposure=0 chunks OK
  hybrid     buffer_and_sign  tokens=50    chunk=5    k=None rep=2 -> ttft=1227.5ms sig_bytes=72      exposure=0 chunks OK
  hybrid     buffer_and_sign  tokens=50    chunk=5    k=None rep=3 -> ttft=1229.9ms sig_bytes=70      exposure=0 chunks OK
  hybrid     buffer_and_sign  tokens=50    chunk=5    k=None rep=4 -> ttft=1231.2ms sig_bytes=71      exposure=0 chunks OK
  hybrid     buffer_and_sign  tokens=50    chunk=5    k=None rep=5 -> ttft=1228.9ms sig_bytes=71      exposure=0 chunks OK
  hybrid     buffer_and_sign  tokens=50    chunk=5    k=None rep=6 -> ttft=1231.7ms sig_bytes=70      exposure=0 chunks OK
  hybrid     buffer_and_sign  tokens=50    chunk=5    k=None rep=7 -> ttft=1231.0ms sig_bytes=71      exposure=0 chunks OK
  hybrid     buffer_and_sign  tokens=50    chunk=5    k=None rep=8 -> ttft=1237.3ms sig_bytes=72      exposure=0 chunks OK
  hybrid     buffer_and_sign  tokens=50    chunk=5    k=None rep=9 -> ttft=1232.1ms sig_bytes=72      exposure=0 chunks OK
  hybrid     buffer_and_sign  tokens=50    chunk=5    k=None rep=10 -> ttft=1232.1ms sig_bytes=70      exposure=0 chunks OK
  hybrid     per_chunk        tokens=200   chunk=5    k=None rep=1 -> ttft=124.6ms sig_bytes=2842    exposure=1 chunks OK
  hybrid     per_chunk        tokens=200   chunk=5    k=None rep=2 -> ttft=124.6ms sig_bytes=2846    exposure=1 chunks OK
  hybrid     per_chunk        tokens=200   chunk=5    k=None rep=3 -> ttft=124.5ms sig_bytes=2838    exposure=1 chunks OK
  hybrid     per_chunk        tokens=200   chunk=5    k=None rep=4 -> ttft=125.1ms sig_bytes=2836    exposure=1 chunks OK
  hybrid     per_chunk        tokens=200   chunk=5    k=None rep=5 -> ttft=124.8ms sig_bytes=2845    exposure=1 chunks OK
  hybrid     per_chunk        tokens=200   chunk=5    k=None rep=6 -> ttft=131.1ms sig_bytes=2836    exposure=1 chunks OK
  hybrid     per_chunk        tokens=200   chunk=5    k=None rep=7 -> ttft=131.4ms sig_bytes=2848    exposure=1 chunks OK
  hybrid     per_chunk        tokens=200   chunk=5    k=None rep=8 -> ttft=131.6ms sig_bytes=2838    exposure=1 chunks OK
  hybrid     per_chunk        tokens=200   chunk=5    k=None rep=9 -> ttft=132.6ms sig_bytes=2845    exposure=1 chunks OK
  hybrid     per_chunk        tokens=200   chunk=5    k=None rep=10 -> ttft=130.6ms sig_bytes=2836    exposure=1 chunks OK
  hybrid     per_chunk        tokens=50    chunk=5    k=None rep=1 -> ttft=163.7ms sig_bytes=711     exposure=1 chunks OK
  hybrid     per_chunk        tokens=50    chunk=5    k=None rep=2 -> ttft=135.2ms sig_bytes=712     exposure=1 chunks OK
  hybrid     per_chunk        tokens=50    chunk=5    k=None rep=3 -> ttft=132.9ms sig_bytes=710     exposure=1 chunks OK
  hybrid     per_chunk        tokens=50    chunk=5    k=None rep=4 -> ttft=133.9ms sig_bytes=712     exposure=1 chunks OK
  hybrid     per_chunk        tokens=50    chunk=5    k=None rep=5 -> ttft=133.8ms sig_bytes=708     exposure=1 chunks OK
  hybrid     per_chunk        tokens=50    chunk=5    k=None rep=6 -> ttft=132.3ms sig_bytes=710     exposure=1 chunks OK
  hybrid     per_chunk        tokens=50    chunk=5    k=None rep=7 -> ttft=132.8ms sig_bytes=709     exposure=1 chunks OK
  hybrid     per_chunk        tokens=50    chunk=5    k=None rep=8 -> ttft=132.4ms sig_bytes=709     exposure=1 chunks OK
  hybrid     per_chunk        tokens=50    chunk=5    k=None rep=9 -> ttft=131.8ms sig_bytes=710     exposure=1 chunks OK
  hybrid     per_chunk        tokens=50    chunk=5    k=None rep=10 -> ttft=140.0ms sig_bytes=711     exposure=1 chunks OK
  hybrid     buffer_and_sign  tokens=200   chunk=5    k=None rep=1 -> ttft=5309.9ms sig_bytes=70      exposure=0 chunks OK
  hybrid     buffer_and_sign  tokens=200   chunk=5    k=None rep=2 -> ttft=5302.3ms sig_bytes=70      exposure=0 chunks OK
  hybrid     buffer_and_sign  tokens=200   chunk=5    k=None rep=3 -> ttft=5293.7ms sig_bytes=70      exposure=0 chunks OK
  hybrid     buffer_and_sign  tokens=200   chunk=5    k=None rep=4 -> ttft=5302.6ms sig_bytes=70      exposure=0 chunks OK
  hybrid     buffer_and_sign  tokens=200   chunk=5    k=None rep=5 -> ttft=5297.8ms sig_bytes=72      exposure=0 chunks OK
  hybrid     buffer_and_sign  tokens=200   chunk=5    k=None rep=6 -> ttft=5309.3ms sig_bytes=72      exposure=0 chunks OK
  hybrid     buffer_and_sign  tokens=200   chunk=5    k=None rep=7 -> ttft=5372.8ms sig_bytes=71      exposure=0 chunks OK
  hybrid     buffer_and_sign  tokens=200   chunk=5    k=None rep=8 -> ttft=5360.0ms sig_bytes=71      exposure=0 chunks OK
  hybrid     buffer_and_sign  tokens=200   chunk=5    k=None rep=9 -> ttft=5354.9ms sig_bytes=71      exposure=0 chunks OK
  hybrid     buffer_and_sign  tokens=200   chunk=5    k=None rep=10 -> ttft=5329.5ms sig_bytes=71      exposure=0 chunks OK
  hybrid     hash_chain       tokens=50    chunk=5    k=None rep=1 -> ttft=132.5ms sig_bytes=71      exposure=10 chunks OK
  hybrid     hash_chain       tokens=50    chunk=5    k=None rep=2 -> ttft=131.5ms sig_bytes=71      exposure=10 chunks OK
  hybrid     hash_chain       tokens=50    chunk=5    k=None rep=3 -> ttft=130.6ms sig_bytes=71      exposure=10 chunks OK
  hybrid     hash_chain       tokens=50    chunk=5    k=None rep=4 -> ttft=130.5ms sig_bytes=70      exposure=10 chunks OK
  hybrid     hash_chain       tokens=50    chunk=5    k=None rep=5 -> ttft=131.7ms sig_bytes=72      exposure=10 chunks OK
  hybrid     hash_chain       tokens=50    chunk=5    k=None rep=6 -> ttft=131.0ms sig_bytes=71      exposure=10 chunks OK
  hybrid     hash_chain       tokens=50    chunk=5    k=None rep=7 -> ttft=130.8ms sig_bytes=70      exposure=10 chunks OK
  hybrid     hash_chain       tokens=50    chunk=5    k=None rep=8 -> ttft=130.5ms sig_bytes=70      exposure=10 chunks OK
  hybrid     hash_chain       tokens=50    chunk=5    k=None rep=9 -> ttft=131.5ms sig_bytes=70      exposure=10 chunks OK
  hybrid     hash_chain       tokens=50    chunk=5    k=None rep=10 -> ttft=131.0ms sig_bytes=71      exposure=10 chunks OK
  hybrid     hash_chain       tokens=200   chunk=5    k=None rep=1 -> ttft=131.4ms sig_bytes=71      exposure=40 chunks OK
  hybrid     hash_chain       tokens=200   chunk=5    k=None rep=2 -> ttft=131.0ms sig_bytes=70      exposure=40 chunks OK
  hybrid     hash_chain       tokens=200   chunk=5    k=None rep=3 -> ttft=130.8ms sig_bytes=70      exposure=40 chunks OK
  hybrid     hash_chain       tokens=200   chunk=5    k=None rep=4 -> ttft=131.3ms sig_bytes=72      exposure=40 chunks OK
  hybrid     hash_chain       tokens=200   chunk=5    k=None rep=5 -> ttft=131.5ms sig_bytes=72      exposure=40 chunks OK
  hybrid     hash_chain       tokens=200   chunk=5    k=None rep=6 -> ttft=133.6ms sig_bytes=71      exposure=40 chunks OK
  hybrid     hash_chain       tokens=200   chunk=5    k=None rep=7 -> ttft=131.8ms sig_bytes=72      exposure=40 chunks OK
  hybrid     hash_chain       tokens=200   chunk=5    k=None rep=8 -> ttft=132.5ms sig_bytes=71      exposure=40 chunks OK
  hybrid     hash_chain       tokens=200   chunk=5    k=None rep=9 -> ttft=131.3ms sig_bytes=72      exposure=40 chunks OK
  hybrid     hash_chain       tokens=200   chunk=5    k=None rep=10 -> ttft=131.1ms sig_bytes=71      exposure=40 chunks OK
Wrote 60 rows to /Users/manav/Documents/pq-shield/results/streaming/hybrid-streaming-20261002T152132.csv
Stopping server: hybrid

=== Starting server: hybrid-kex (api.server_config_hybridkex:app) ===
Server healthy (pid=10105).
  (1 warm-up transaction(s) discarded)
  hybrid-kex buffer_and_sign  tokens=200   chunk=5    k=None rep=1 -> ttft=4921.7ms sig_bytes=71      exposure=0 chunks OK
  hybrid-kex buffer_and_sign  tokens=200   chunk=5    k=None rep=2 -> ttft=4945.3ms sig_bytes=72      exposure=0 chunks OK
  hybrid-kex buffer_and_sign  tokens=200   chunk=5    k=None rep=3 -> ttft=4979.6ms sig_bytes=71      exposure=0 chunks OK
  hybrid-kex buffer_and_sign  tokens=200   chunk=5    k=None rep=4 -> ttft=4979.6ms sig_bytes=71      exposure=0 chunks OK
  hybrid-kex buffer_and_sign  tokens=200   chunk=5    k=None rep=5 -> ttft=5268.9ms sig_bytes=72      exposure=0 chunks OK
  hybrid-kex buffer_and_sign  tokens=200   chunk=5    k=None rep=6 -> ttft=5316.8ms sig_bytes=71      exposure=0 chunks OK
  hybrid-kex buffer_and_sign  tokens=200   chunk=5    k=None rep=7 -> ttft=5328.0ms sig_bytes=71      exposure=0 chunks OK
  hybrid-kex buffer_and_sign  tokens=200   chunk=5    k=None rep=8 -> ttft=5321.2ms sig_bytes=72      exposure=0 chunks OK
  hybrid-kex buffer_and_sign  tokens=200   chunk=5    k=None rep=9 -> ttft=5660.7ms sig_bytes=71      exposure=0 chunks OK
  hybrid-kex buffer_and_sign  tokens=200   chunk=5    k=None rep=10 -> ttft=5411.1ms sig_bytes=72      exposure=0 chunks OK
  hybrid-kex hash_chain       tokens=50    chunk=5    k=None rep=1 -> ttft=133.3ms sig_bytes=70      exposure=10 chunks OK
  hybrid-kex hash_chain       tokens=50    chunk=5    k=None rep=2 -> ttft=132.6ms sig_bytes=71      exposure=10 chunks OK
  hybrid-kex hash_chain       tokens=50    chunk=5    k=None rep=3 -> ttft=132.2ms sig_bytes=71      exposure=10 chunks OK
  hybrid-kex hash_chain       tokens=50    chunk=5    k=None rep=4 -> ttft=138.8ms sig_bytes=72      exposure=10 chunks OK
  hybrid-kex hash_chain       tokens=50    chunk=5    k=None rep=5 -> ttft=130.4ms sig_bytes=72      exposure=10 chunks OK
  hybrid-kex hash_chain       tokens=50    chunk=5    k=None rep=6 -> ttft=131.9ms sig_bytes=72      exposure=10 chunks OK
  hybrid-kex hash_chain       tokens=50    chunk=5    k=None rep=7 -> ttft=161.0ms sig_bytes=71      exposure=10 chunks OK
  hybrid-kex hash_chain       tokens=50    chunk=5    k=None rep=8 -> ttft=131.6ms sig_bytes=71      exposure=10 chunks OK
  hybrid-kex hash_chain       tokens=50    chunk=5    k=None rep=9 -> ttft=132.1ms sig_bytes=71      exposure=10 chunks OK
  hybrid-kex hash_chain       tokens=50    chunk=5    k=None rep=10 -> ttft=131.4ms sig_bytes=71      exposure=10 chunks OK
  hybrid-kex per_chunk        tokens=50    chunk=5    k=None rep=1 -> ttft=132.1ms sig_bytes=710     exposure=1 chunks OK
  hybrid-kex per_chunk        tokens=50    chunk=5    k=None rep=2 -> ttft=131.8ms sig_bytes=714     exposure=1 chunks OK
  hybrid-kex per_chunk        tokens=50    chunk=5    k=None rep=3 -> ttft=128.0ms sig_bytes=711     exposure=1 chunks OK
  hybrid-kex per_chunk        tokens=50    chunk=5    k=None rep=4 -> ttft=131.7ms sig_bytes=707     exposure=1 chunks OK
  hybrid-kex per_chunk        tokens=50    chunk=5    k=None rep=5 -> ttft=131.6ms sig_bytes=711     exposure=1 chunks OK
  hybrid-kex per_chunk        tokens=50    chunk=5    k=None rep=6 -> ttft=132.5ms sig_bytes=711     exposure=1 chunks OK
  hybrid-kex per_chunk        tokens=50    chunk=5    k=None rep=7 -> ttft=132.4ms sig_bytes=709     exposure=1 chunks OK
  hybrid-kex per_chunk        tokens=50    chunk=5    k=None rep=8 -> ttft=131.2ms sig_bytes=710     exposure=1 chunks OK
  hybrid-kex per_chunk        tokens=50    chunk=5    k=None rep=9 -> ttft=131.5ms sig_bytes=710     exposure=1 chunks OK
  hybrid-kex per_chunk        tokens=50    chunk=5    k=None rep=10 -> ttft=132.0ms sig_bytes=711     exposure=1 chunks OK
  hybrid-kex per_chunk        tokens=200   chunk=5    k=None rep=1 -> ttft=130.3ms sig_bytes=2839    exposure=1 chunks OK
  hybrid-kex per_chunk        tokens=200   chunk=5    k=None rep=2 -> ttft=132.6ms sig_bytes=2839    exposure=1 chunks OK
  hybrid-kex per_chunk        tokens=200   chunk=5    k=None rep=3 -> ttft=130.2ms sig_bytes=2841    exposure=1 chunks OK
  hybrid-kex per_chunk        tokens=200   chunk=5    k=None rep=4 -> ttft=132.5ms sig_bytes=2836    exposure=1 chunks OK
  hybrid-kex per_chunk        tokens=200   chunk=5    k=None rep=5 -> ttft=131.7ms sig_bytes=2836    exposure=1 chunks OK
  hybrid-kex per_chunk        tokens=200   chunk=5    k=None rep=6 -> ttft=132.2ms sig_bytes=2837    exposure=1 chunks OK
  hybrid-kex per_chunk        tokens=200   chunk=5    k=None rep=7 -> ttft=132.9ms sig_bytes=2844    exposure=1 chunks OK
  hybrid-kex per_chunk        tokens=200   chunk=5    k=None rep=8 -> ttft=136.5ms sig_bytes=2849    exposure=1 chunks OK
  hybrid-kex per_chunk        tokens=200   chunk=5    k=None rep=9 -> ttft=131.8ms sig_bytes=2836    exposure=1 chunks OK
  hybrid-kex per_chunk        tokens=200   chunk=5    k=None rep=10 -> ttft=132.1ms sig_bytes=2842    exposure=1 chunks OK
  hybrid-kex buffer_and_sign  tokens=50    chunk=5    k=None rep=1 -> ttft=1318.4ms sig_bytes=71      exposure=0 chunks OK
  hybrid-kex buffer_and_sign  tokens=50    chunk=5    k=None rep=2 -> ttft=1314.7ms sig_bytes=71      exposure=0 chunks OK
  hybrid-kex buffer_and_sign  tokens=50    chunk=5    k=None rep=3 -> ttft=1312.3ms sig_bytes=72      exposure=0 chunks OK
  hybrid-kex buffer_and_sign  tokens=50    chunk=5    k=None rep=4 -> ttft=1315.9ms sig_bytes=70      exposure=0 chunks OK
  hybrid-kex buffer_and_sign  tokens=50    chunk=5    k=None rep=5 -> ttft=1313.4ms sig_bytes=70      exposure=0 chunks OK
  hybrid-kex buffer_and_sign  tokens=50    chunk=5    k=None rep=6 -> ttft=1320.1ms sig_bytes=71      exposure=0 chunks OK
  hybrid-kex buffer_and_sign  tokens=50    chunk=5    k=None rep=7 -> ttft=1319.5ms sig_bytes=71      exposure=0 chunks OK
  hybrid-kex buffer_and_sign  tokens=50    chunk=5    k=None rep=8 -> ttft=1309.7ms sig_bytes=70      exposure=0 chunks OK
  hybrid-kex buffer_and_sign  tokens=50    chunk=5    k=None rep=9 -> ttft=1317.9ms sig_bytes=71      exposure=0 chunks OK
  hybrid-kex buffer_and_sign  tokens=50    chunk=5    k=None rep=10 -> ttft=1313.3ms sig_bytes=70      exposure=0 chunks OK
  hybrid-kex hash_chain       tokens=200   chunk=5    k=None rep=1 -> ttft=131.6ms sig_bytes=70      exposure=40 chunks OK
  hybrid-kex hash_chain       tokens=200   chunk=5    k=None rep=2 -> ttft=132.8ms sig_bytes=72      exposure=40 chunks OK
  hybrid-kex hash_chain       tokens=200   chunk=5    k=None rep=3 -> ttft=131.5ms sig_bytes=70      exposure=40 chunks OK
  hybrid-kex hash_chain       tokens=200   chunk=5    k=None rep=4 -> ttft=128.5ms sig_bytes=71      exposure=40 chunks OK
  hybrid-kex hash_chain       tokens=200   chunk=5    k=None rep=5 -> ttft=131.6ms sig_bytes=70      exposure=40 chunks OK
  hybrid-kex hash_chain       tokens=200   chunk=5    k=None rep=6 -> ttft=131.7ms sig_bytes=70      exposure=40 chunks OK
  hybrid-kex hash_chain       tokens=200   chunk=5    k=None rep=7 -> ttft=132.5ms sig_bytes=72      exposure=40 chunks OK
  hybrid-kex hash_chain       tokens=200   chunk=5    k=None rep=8 -> ttft=131.8ms sig_bytes=70      exposure=40 chunks OK
  hybrid-kex hash_chain       tokens=200   chunk=5    k=None rep=9 -> ttft=132.0ms sig_bytes=72      exposure=40 chunks OK
  hybrid-kex hash_chain       tokens=200   chunk=5    k=None rep=10 -> ttft=132.8ms sig_bytes=71      exposure=40 chunks OK
Wrote 60 rows to /Users/manav/Documents/pq-shield/results/streaming/hybrid-kex-streaming-20261002T152132.csv
Stopping server: hybrid-kex

=== Starting server: full-pqc (api.server_config_c:app) ===
Server healthy (pid=10677).
  (1 warm-up transaction(s) discarded)
  full-pqc   per_chunk        tokens=50    chunk=5    k=None rep=1 -> ttft=124.3ms sig_bytes=33090   exposure=1 chunks OK
  full-pqc   per_chunk        tokens=50    chunk=5    k=None rep=2 -> ttft=124.2ms sig_bytes=33090   exposure=1 chunks OK
  full-pqc   per_chunk        tokens=50    chunk=5    k=None rep=3 -> ttft=125.4ms sig_bytes=33090   exposure=1 chunks OK
  full-pqc   per_chunk        tokens=50    chunk=5    k=None rep=4 -> ttft=124.4ms sig_bytes=33090   exposure=1 chunks OK
  full-pqc   per_chunk        tokens=50    chunk=5    k=None rep=5 -> ttft=124.2ms sig_bytes=33090   exposure=1 chunks OK
  full-pqc   per_chunk        tokens=50    chunk=5    k=None rep=6 -> ttft=125.9ms sig_bytes=33090   exposure=1 chunks OK
  full-pqc   per_chunk        tokens=50    chunk=5    k=None rep=7 -> ttft=124.7ms sig_bytes=33090   exposure=1 chunks OK
  full-pqc   per_chunk        tokens=50    chunk=5    k=None rep=8 -> ttft=124.6ms sig_bytes=33090   exposure=1 chunks OK
  full-pqc   per_chunk        tokens=50    chunk=5    k=None rep=9 -> ttft=124.9ms sig_bytes=33090   exposure=1 chunks OK
  full-pqc   per_chunk        tokens=50    chunk=5    k=None rep=10 -> ttft=124.9ms sig_bytes=33090   exposure=1 chunks OK
  full-pqc   hash_chain       tokens=200   chunk=5    k=None rep=1 -> ttft=124.9ms sig_bytes=3309    exposure=40 chunks OK
  full-pqc   hash_chain       tokens=200   chunk=5    k=None rep=2 -> ttft=125.3ms sig_bytes=3309    exposure=40 chunks OK
  full-pqc   hash_chain       tokens=200   chunk=5    k=None rep=3 -> ttft=125.0ms sig_bytes=3309    exposure=40 chunks OK
  full-pqc   hash_chain       tokens=200   chunk=5    k=None rep=4 -> ttft=126.2ms sig_bytes=3309    exposure=40 chunks OK
  full-pqc   hash_chain       tokens=200   chunk=5    k=None rep=5 -> ttft=126.0ms sig_bytes=3309    exposure=40 chunks OK
  full-pqc   hash_chain       tokens=200   chunk=5    k=None rep=6 -> ttft=125.4ms sig_bytes=3309    exposure=40 chunks OK
  full-pqc   hash_chain       tokens=200   chunk=5    k=None rep=7 -> ttft=125.8ms sig_bytes=3309    exposure=40 chunks OK
  full-pqc   hash_chain       tokens=200   chunk=5    k=None rep=8 -> ttft=151.4ms sig_bytes=3309    exposure=40 chunks OK
  full-pqc   hash_chain       tokens=200   chunk=5    k=None rep=9 -> ttft=127.2ms sig_bytes=3309    exposure=40 chunks OK
  full-pqc   hash_chain       tokens=200   chunk=5    k=None rep=10 -> ttft=125.7ms sig_bytes=3309    exposure=40 chunks OK
  full-pqc   hash_chain       tokens=50    chunk=5    k=None rep=1 -> ttft=125.2ms sig_bytes=3309    exposure=10 chunks OK
  full-pqc   hash_chain       tokens=50    chunk=5    k=None rep=2 -> ttft=125.7ms sig_bytes=3309    exposure=10 chunks OK
  full-pqc   hash_chain       tokens=50    chunk=5    k=None rep=3 -> ttft=126.0ms sig_bytes=3309    exposure=10 chunks OK
  full-pqc   hash_chain       tokens=50    chunk=5    k=None rep=4 -> ttft=126.1ms sig_bytes=3309    exposure=10 chunks OK
  full-pqc   hash_chain       tokens=50    chunk=5    k=None rep=5 -> ttft=125.9ms sig_bytes=3309    exposure=10 chunks OK
  full-pqc   hash_chain       tokens=50    chunk=5    k=None rep=6 -> ttft=125.8ms sig_bytes=3309    exposure=10 chunks OK
  full-pqc   hash_chain       tokens=50    chunk=5    k=None rep=7 -> ttft=125.8ms sig_bytes=3309    exposure=10 chunks OK
  full-pqc   hash_chain       tokens=50    chunk=5    k=None rep=8 -> ttft=125.9ms sig_bytes=3309    exposure=10 chunks OK
  full-pqc   hash_chain       tokens=50    chunk=5    k=None rep=9 -> ttft=126.1ms sig_bytes=3309    exposure=10 chunks OK
  full-pqc   hash_chain       tokens=50    chunk=5    k=None rep=10 -> ttft=125.8ms sig_bytes=3309    exposure=10 chunks OK
  full-pqc   buffer_and_sign  tokens=200   chunk=5    k=None rep=1 -> ttft=5016.5ms sig_bytes=3309    exposure=0 chunks OK
  full-pqc   buffer_and_sign  tokens=200   chunk=5    k=None rep=2 -> ttft=5012.3ms sig_bytes=3309    exposure=0 chunks OK
  full-pqc   buffer_and_sign  tokens=200   chunk=5    k=None rep=3 -> ttft=5019.9ms sig_bytes=3309    exposure=0 chunks OK
  full-pqc   buffer_and_sign  tokens=200   chunk=5    k=None rep=4 -> ttft=5017.8ms sig_bytes=3309    exposure=0 chunks OK
  full-pqc   buffer_and_sign  tokens=200   chunk=5    k=None rep=5 -> ttft=5018.0ms sig_bytes=3309    exposure=0 chunks OK
  full-pqc   buffer_and_sign  tokens=200   chunk=5    k=None rep=6 -> ttft=5017.1ms sig_bytes=3309    exposure=0 chunks OK
  full-pqc   buffer_and_sign  tokens=200   chunk=5    k=None rep=7 -> ttft=5018.7ms sig_bytes=3309    exposure=0 chunks OK
  full-pqc   buffer_and_sign  tokens=200   chunk=5    k=None rep=8 -> ttft=5015.6ms sig_bytes=3309    exposure=0 chunks OK
  full-pqc   buffer_and_sign  tokens=200   chunk=5    k=None rep=9 -> ttft=5294.7ms sig_bytes=3309    exposure=0 chunks OK
  full-pqc   buffer_and_sign  tokens=200   chunk=5    k=None rep=10 -> ttft=5360.1ms sig_bytes=3309    exposure=0 chunks OK
  full-pqc   per_chunk        tokens=200   chunk=5    k=None rep=1 -> ttft=134.5ms sig_bytes=132360  exposure=1 chunks OK
  full-pqc   per_chunk        tokens=200   chunk=5    k=None rep=2 -> ttft=132.5ms sig_bytes=132360  exposure=1 chunks OK
  full-pqc   per_chunk        tokens=200   chunk=5    k=None rep=3 -> ttft=133.5ms sig_bytes=132360  exposure=1 chunks OK
  full-pqc   per_chunk        tokens=200   chunk=5    k=None rep=4 -> ttft=134.9ms sig_bytes=132360  exposure=1 chunks OK
  full-pqc   per_chunk        tokens=200   chunk=5    k=None rep=5 -> ttft=132.5ms sig_bytes=132360  exposure=1 chunks OK
  full-pqc   per_chunk        tokens=200   chunk=5    k=None rep=6 -> ttft=133.7ms sig_bytes=132360  exposure=1 chunks OK
  full-pqc   per_chunk        tokens=200   chunk=5    k=None rep=7 -> ttft=131.7ms sig_bytes=132360  exposure=1 chunks OK
  full-pqc   per_chunk        tokens=200   chunk=5    k=None rep=8 -> ttft=133.3ms sig_bytes=132360  exposure=1 chunks OK
  full-pqc   per_chunk        tokens=200   chunk=5    k=None rep=9 -> ttft=133.0ms sig_bytes=132360  exposure=1 chunks OK
  full-pqc   per_chunk        tokens=200   chunk=5    k=None rep=10 -> ttft=134.2ms sig_bytes=132360  exposure=1 chunks OK
  full-pqc   buffer_and_sign  tokens=50    chunk=5    k=None rep=1 -> ttft=1317.0ms sig_bytes=3309    exposure=0 chunks OK
  full-pqc   buffer_and_sign  tokens=50    chunk=5    k=None rep=2 -> ttft=1325.6ms sig_bytes=3309    exposure=0 chunks OK
  full-pqc   buffer_and_sign  tokens=50    chunk=5    k=None rep=3 -> ttft=1319.1ms sig_bytes=3309    exposure=0 chunks OK
  full-pqc   buffer_and_sign  tokens=50    chunk=5    k=None rep=4 -> ttft=1320.3ms sig_bytes=3309    exposure=0 chunks OK
  full-pqc   buffer_and_sign  tokens=50    chunk=5    k=None rep=5 -> ttft=1341.2ms sig_bytes=3309    exposure=0 chunks OK
  full-pqc   buffer_and_sign  tokens=50    chunk=5    k=None rep=6 -> ttft=1319.5ms sig_bytes=3309    exposure=0 chunks OK
  full-pqc   buffer_and_sign  tokens=50    chunk=5    k=None rep=7 -> ttft=1317.8ms sig_bytes=3309    exposure=0 chunks OK
  full-pqc   buffer_and_sign  tokens=50    chunk=5    k=None rep=8 -> ttft=1318.9ms sig_bytes=3309    exposure=0 chunks OK
  full-pqc   buffer_and_sign  tokens=50    chunk=5    k=None rep=9 -> ttft=1317.2ms sig_bytes=3309    exposure=0 chunks OK
  full-pqc   buffer_and_sign  tokens=50    chunk=5    k=None rep=10 -> ttft=1317.8ms sig_bytes=3309    exposure=0 chunks OK
Wrote 60 rows to /Users/manav/Documents/pq-shield/results/streaming/full-pqc-streaming-20261002T152132.csv
Stopping server: full-pqc

Wrote per-transaction summary (incl. resource usage) to /Users/manav/Documents/pq-shield/results/sweep_summaries/20261002T152132.json

[15:38:09] STEP 6 done in 16.6 min

[15:38:09] === STEP 7: streaming HNDL (Llama) ===

=== Starting server: classical (api.server_config_a:app) ===
Server healthy (pid=11183).

=== classical (strategy=per_chunk) length sweep ===
  max_tokens   harvestable_bytes   decryptable_bytes
          50                 802                 546
         200                2457                2201
         500                5687                5431
        2000                6850                6594
kex_decryptable_under_future_crqc: True
harvestable_bytes_monotonic_in_length: True
fraction_of_harvested_bytes_eventually_decryptable: 100%

=== classical strategy-independence check (max_tokens=50) ===
total_bytes_harvestable by strategy: {'buffer_and_sign': 516, 'per_chunk': 813, 'hash_chain': 781}
exact_match_across_strategies: False
expected vs. actual AEAD-tag-overhead delta (bytes, vs. buffer_and_sign): {'per_chunk': 252, 'per_chunk_actual_delta': 297, 'hash_chain': 252, 'hash_chain_actual_delta': 265}
Stopping server: classical

=== Starting server: classical-ecdhe (api.server_config_ecdhe:app) ===
Server healthy (pid=11294).

=== classical_ecdhe (strategy=per_chunk) length sweep ===
  max_tokens   harvestable_bytes   decryptable_bytes
          50                 578                 546
         200                2233                2201
         500                5463                5431
        2000                6626                6594
kex_decryptable_under_future_crqc: True
harvestable_bytes_monotonic_in_length: True
fraction_of_harvested_bytes_eventually_decryptable: 100%

=== classical_ecdhe strategy-independence check (max_tokens=50) ===
total_bytes_harvestable by strategy: {'buffer_and_sign': 292, 'per_chunk': 589, 'hash_chain': 557}
exact_match_across_strategies: False
expected vs. actual AEAD-tag-overhead delta (bytes, vs. buffer_and_sign): {'per_chunk': 252, 'per_chunk_actual_delta': 297, 'hash_chain': 252, 'hash_chain_actual_delta': 265}
Stopping server: classical-ecdhe

=== Starting server: hybrid (api.server_config_b:app) ===
Server healthy (pid=11400).

=== hybrid (strategy=per_chunk) length sweep ===
  max_tokens   harvestable_bytes   decryptable_bytes
          50                1634                   0
         200                3289                   0
         500                6519                   0
        2000                7682                   0
kex_decryptable_under_future_crqc: False
harvestable_bytes_monotonic_in_length: True
fraction_of_harvested_bytes_eventually_decryptable: 0%

=== hybrid strategy-independence check (max_tokens=50) ===
total_bytes_harvestable by strategy: {'buffer_and_sign': 1348, 'per_chunk': 1645, 'hash_chain': 1613}
exact_match_across_strategies: False
expected vs. actual AEAD-tag-overhead delta (bytes, vs. buffer_and_sign): {'per_chunk': 252, 'per_chunk_actual_delta': 297, 'hash_chain': 252, 'hash_chain_actual_delta': 265}
Stopping server: hybrid

=== Starting server: hybrid-kex (api.server_config_hybridkex:app) ===
Server healthy (pid=11506).

=== hybrid_kex (strategy=per_chunk) length sweep ===
  max_tokens   harvestable_bytes   decryptable_bytes
          50                1666                   0
         200                3321                   0
         500                6551                   0
        2000                7714                   0
kex_decryptable_under_future_crqc: False
harvestable_bytes_monotonic_in_length: True
fraction_of_harvested_bytes_eventually_decryptable: 0%

=== hybrid_kex strategy-independence check (max_tokens=50) ===
total_bytes_harvestable by strategy: {'buffer_and_sign': 1380, 'per_chunk': 1677, 'hash_chain': 1645}
exact_match_across_strategies: False
expected vs. actual AEAD-tag-overhead delta (bytes, vs. buffer_and_sign): {'per_chunk': 252, 'per_chunk_actual_delta': 297, 'hash_chain': 252, 'hash_chain_actual_delta': 265}
Stopping server: hybrid-kex

=== Starting server: full-pqc (api.server_config_c:app) ===
Server healthy (pid=11620).

=== full_pqc (strategy=per_chunk) length sweep ===
  max_tokens   harvestable_bytes   decryptable_bytes
          50                1634                   0
         200                3289                   0
         500                6519                   0
        2000                7682                   0
kex_decryptable_under_future_crqc: False
harvestable_bytes_monotonic_in_length: True
fraction_of_harvested_bytes_eventually_decryptable: 0%

=== full_pqc strategy-independence check (max_tokens=50) ===
total_bytes_harvestable by strategy: {'buffer_and_sign': 1348, 'per_chunk': 1645, 'hash_chain': 1613}
exact_match_across_strategies: False
expected vs. actual AEAD-tag-overhead delta (bytes, vs. buffer_and_sign): {'per_chunk': 252, 'per_chunk_actual_delta': 297, 'hash_chain': 252, 'hash_chain_actual_delta': 265}
Stopping server: full-pqc

[15:41:35] STEP 7 done in 3.4 min

[15:41:35] === STEP 8: streaming sequence attacks (Llama) ===

=== Starting server: classical (api.server_config_a:app) ===
Server healthy (pid=11734).
  classical  buffer_and_sign  drop     -> n/a
  classical  per_chunk        drop     -> detected=100% mid_stream=100% fraction_delivered_before_detection=0.55
  classical  per_chunk        reorder  -> detected=100% mid_stream=100% fraction_delivered_before_detection=0.50
  classical  hash_chain       drop     -> detected=100% mid_stream=0% fraction_delivered_before_detection=1.00
  classical  hash_chain       reorder  -> detected=100% mid_stream=0% fraction_delivered_before_detection=1.00
Stopping server: classical

=== Starting server: classical-ecdhe (api.server_config_ecdhe:app) ===
Server healthy (pid=11895).
  classical_ecdhe buffer_and_sign  drop     -> n/a
  classical_ecdhe per_chunk        drop     -> detected=100% mid_stream=100% fraction_delivered_before_detection=0.55
  classical_ecdhe per_chunk        reorder  -> detected=100% mid_stream=100% fraction_delivered_before_detection=0.50
  classical_ecdhe hash_chain       drop     -> detected=100% mid_stream=0% fraction_delivered_before_detection=1.00
  classical_ecdhe hash_chain       reorder  -> detected=100% mid_stream=0% fraction_delivered_before_detection=1.00
Stopping server: classical-ecdhe

=== Starting server: hybrid (api.server_config_b:app) ===
Server healthy (pid=12076).
  hybrid     buffer_and_sign  drop     -> n/a
  hybrid     per_chunk        drop     -> detected=100% mid_stream=100% fraction_delivered_before_detection=0.55
  hybrid     per_chunk        reorder  -> detected=100% mid_stream=100% fraction_delivered_before_detection=0.50
  hybrid     hash_chain       drop     -> detected=100% mid_stream=0% fraction_delivered_before_detection=1.00
  hybrid     hash_chain       reorder  -> detected=100% mid_stream=0% fraction_delivered_before_detection=1.00
Stopping server: hybrid

=== Starting server: hybrid-kex (api.server_config_hybridkex:app) ===
Server healthy (pid=12238).
  hybrid_kex buffer_and_sign  drop     -> n/a
  hybrid_kex per_chunk        drop     -> detected=100% mid_stream=100% fraction_delivered_before_detection=0.55
  hybrid_kex per_chunk        reorder  -> detected=100% mid_stream=100% fraction_delivered_before_detection=0.50
  hybrid_kex hash_chain       drop     -> detected=100% mid_stream=0% fraction_delivered_before_detection=1.00
  hybrid_kex hash_chain       reorder  -> detected=100% mid_stream=0% fraction_delivered_before_detection=1.00
Stopping server: hybrid-kex

=== Starting server: full-pqc (api.server_config_c:app) ===
Server healthy (pid=12415).
  full_pqc   buffer_and_sign  drop     -> n/a
  full_pqc   per_chunk        drop     -> detected=100% mid_stream=100% fraction_delivered_before_detection=0.55
  full_pqc   per_chunk        reorder  -> detected=100% mid_stream=100% fraction_delivered_before_detection=0.50
  full_pqc   hash_chain       drop     -> detected=100% mid_stream=0% fraction_delivered_before_detection=1.00
  full_pqc   hash_chain       reorder  -> detected=100% mid_stream=0% fraction_delivered_before_detection=1.00
Stopping server: full-pqc

[15:47:01] STEP 8 done in 5.4 min

[15:47:01] === STEP 9: checkpoint frontier (Llama) ===
run_id=20261002T154701 backend=llama_cpp

=== Starting server: hybrid (api.server_config_b:app) ===
Server healthy (pid=12578).
  (1 warm-up transaction(s) discarded)
  hybrid     hash_chain       tokens=200   chunk=5    k=1 rep=1 -> ttft=124.2ms sig_bytes=2907    exposure=1 chunks OK
  hybrid     hash_chain       tokens=200   chunk=5    k=1 rep=2 -> ttft=124.7ms sig_bytes=2921    exposure=1 chunks OK
  hybrid     hash_chain       tokens=200   chunk=5    k=1 rep=3 -> ttft=125.2ms sig_bytes=2908    exposure=1 chunks OK
  hybrid     hash_chain       tokens=200   chunk=5    k=1 rep=4 -> ttft=127.5ms sig_bytes=2910    exposure=1 chunks OK
  hybrid     hash_chain       tokens=200   chunk=5    k=1 rep=5 -> ttft=127.0ms sig_bytes=2915    exposure=1 chunks OK
  hybrid     hash_chain       tokens=200   chunk=5    k=20 rep=1 -> ttft=128.6ms sig_bytes=212     exposure=20 chunks OK
  hybrid     hash_chain       tokens=200   chunk=5    k=20 rep=2 -> ttft=127.8ms sig_bytes=212     exposure=20 chunks OK
  hybrid     hash_chain       tokens=200   chunk=5    k=20 rep=3 -> ttft=127.4ms sig_bytes=215     exposure=20 chunks OK
  hybrid     hash_chain       tokens=200   chunk=5    k=20 rep=4 -> ttft=128.6ms sig_bytes=215     exposure=20 chunks OK
  hybrid     hash_chain       tokens=200   chunk=5    k=20 rep=5 -> ttft=130.9ms sig_bytes=213     exposure=20 chunks OK
  hybrid     hash_chain       tokens=200   chunk=5    k=2 rep=1 -> ttft=127.2ms sig_bytes=1491    exposure=2 chunks OK
  hybrid     hash_chain       tokens=200   chunk=5    k=2 rep=2 -> ttft=127.1ms sig_bytes=1487    exposure=2 chunks OK
  hybrid     hash_chain       tokens=200   chunk=5    k=2 rep=3 -> ttft=127.2ms sig_bytes=1486    exposure=2 chunks OK
  hybrid     hash_chain       tokens=200   chunk=5    k=2 rep=4 -> ttft=126.8ms sig_bytes=1492    exposure=2 chunks OK
  hybrid     hash_chain       tokens=200   chunk=5    k=2 rep=5 -> ttft=127.1ms sig_bytes=1487    exposure=2 chunks OK
  hybrid     hash_chain       tokens=200   chunk=5    k=5 rep=1 -> ttft=126.9ms sig_bytes=640     exposure=5 chunks OK
  hybrid     hash_chain       tokens=200   chunk=5    k=5 rep=2 -> ttft=127.0ms sig_bytes=641     exposure=5 chunks OK
  hybrid     hash_chain       tokens=200   chunk=5    k=5 rep=3 -> ttft=127.5ms sig_bytes=636     exposure=5 chunks OK
  hybrid     hash_chain       tokens=200   chunk=5    k=5 rep=4 -> ttft=128.0ms sig_bytes=638     exposure=5 chunks OK
  hybrid     hash_chain       tokens=200   chunk=5    k=5 rep=5 -> ttft=126.9ms sig_bytes=639     exposure=5 chunks OK
  hybrid     hash_chain       tokens=200   chunk=5    k=None rep=1 -> ttft=126.6ms sig_bytes=71      exposure=40 chunks OK
  hybrid     hash_chain       tokens=200   chunk=5    k=None rep=2 -> ttft=126.8ms sig_bytes=72      exposure=40 chunks OK
  hybrid     hash_chain       tokens=200   chunk=5    k=None rep=3 -> ttft=127.3ms sig_bytes=70      exposure=40 chunks OK
  hybrid     hash_chain       tokens=200   chunk=5    k=None rep=4 -> ttft=127.2ms sig_bytes=70      exposure=40 chunks OK
  hybrid     hash_chain       tokens=200   chunk=5    k=None rep=5 -> ttft=126.8ms sig_bytes=70      exposure=40 chunks OK
  hybrid     hash_chain       tokens=200   chunk=5    k=10 rep=1 -> ttft=127.0ms sig_bytes=353     exposure=10 chunks OK
  hybrid     hash_chain       tokens=200   chunk=5    k=10 rep=2 -> ttft=131.4ms sig_bytes=353     exposure=10 chunks OK
  hybrid     hash_chain       tokens=200   chunk=5    k=10 rep=3 -> ttft=134.2ms sig_bytes=356     exposure=10 chunks OK
  hybrid     hash_chain       tokens=200   chunk=5    k=10 rep=4 -> ttft=132.2ms sig_bytes=353     exposure=10 chunks OK
  hybrid     hash_chain       tokens=200   chunk=5    k=10 rep=5 -> ttft=133.7ms sig_bytes=357     exposure=10 chunks OK
Wrote 30 rows to /Users/manav/Documents/pq-shield/results/streaming/hybrid-streaming-20261002T154701.csv
Stopping server: hybrid

=== Starting server: full-pqc (api.server_config_c:app) ===
Server healthy (pid=13000).
  (1 warm-up transaction(s) discarded)
  full-pqc   hash_chain       tokens=200   chunk=5    k=1 rep=1 -> ttft=124.7ms sig_bytes=135669  exposure=1 chunks OK
  full-pqc   hash_chain       tokens=200   chunk=5    k=1 rep=2 -> ttft=126.1ms sig_bytes=135669  exposure=1 chunks OK
  full-pqc   hash_chain       tokens=200   chunk=5    k=1 rep=3 -> ttft=129.9ms sig_bytes=135669  exposure=1 chunks OK
  full-pqc   hash_chain       tokens=200   chunk=5    k=1 rep=4 -> ttft=126.9ms sig_bytes=135669  exposure=1 chunks OK
  full-pqc   hash_chain       tokens=200   chunk=5    k=1 rep=5 -> ttft=129.0ms sig_bytes=135669  exposure=1 chunks OK
  full-pqc   hash_chain       tokens=200   chunk=5    k=10 rep=1 -> ttft=127.4ms sig_bytes=16545   exposure=10 chunks OK
  full-pqc   hash_chain       tokens=200   chunk=5    k=10 rep=2 -> ttft=127.6ms sig_bytes=16545   exposure=10 chunks OK
  full-pqc   hash_chain       tokens=200   chunk=5    k=10 rep=3 -> ttft=127.6ms sig_bytes=16545   exposure=10 chunks OK
  full-pqc   hash_chain       tokens=200   chunk=5    k=10 rep=4 -> ttft=127.4ms sig_bytes=16545   exposure=10 chunks OK
  full-pqc   hash_chain       tokens=200   chunk=5    k=10 rep=5 -> ttft=127.2ms sig_bytes=16545   exposure=10 chunks OK
  full-pqc   hash_chain       tokens=200   chunk=5    k=20 rep=1 -> ttft=127.2ms sig_bytes=9927    exposure=20 chunks OK
  full-pqc   hash_chain       tokens=200   chunk=5    k=20 rep=2 -> ttft=127.3ms sig_bytes=9927    exposure=20 chunks OK
  full-pqc   hash_chain       tokens=200   chunk=5    k=20 rep=3 -> ttft=127.1ms sig_bytes=9927    exposure=20 chunks OK
  full-pqc   hash_chain       tokens=200   chunk=5    k=20 rep=4 -> ttft=129.3ms sig_bytes=9927    exposure=20 chunks OK
  full-pqc   hash_chain       tokens=200   chunk=5    k=20 rep=5 -> ttft=128.4ms sig_bytes=9927    exposure=20 chunks OK
  full-pqc   hash_chain       tokens=200   chunk=5    k=2 rep=1 -> ttft=128.3ms sig_bytes=69489   exposure=2 chunks OK
  full-pqc   hash_chain       tokens=200   chunk=5    k=2 rep=2 -> ttft=127.3ms sig_bytes=69489   exposure=2 chunks OK
  full-pqc   hash_chain       tokens=200   chunk=5    k=2 rep=3 -> ttft=127.7ms sig_bytes=69489   exposure=2 chunks OK
  full-pqc   hash_chain       tokens=200   chunk=5    k=2 rep=4 -> ttft=128.7ms sig_bytes=69489   exposure=2 chunks OK
  full-pqc   hash_chain       tokens=200   chunk=5    k=2 rep=5 -> ttft=127.1ms sig_bytes=69489   exposure=2 chunks OK
  full-pqc   hash_chain       tokens=200   chunk=5    k=None rep=1 -> ttft=127.1ms sig_bytes=3309    exposure=40 chunks OK
  full-pqc   hash_chain       tokens=200   chunk=5    k=None rep=2 -> ttft=126.7ms sig_bytes=3309    exposure=40 chunks OK
  full-pqc   hash_chain       tokens=200   chunk=5    k=None rep=3 -> ttft=126.8ms sig_bytes=3309    exposure=40 chunks OK
  full-pqc   hash_chain       tokens=200   chunk=5    k=None rep=4 -> ttft=127.3ms sig_bytes=3309    exposure=40 chunks OK
  full-pqc   hash_chain       tokens=200   chunk=5    k=None rep=5 -> ttft=126.6ms sig_bytes=3309    exposure=40 chunks OK
  full-pqc   hash_chain       tokens=200   chunk=5    k=5 rep=1 -> ttft=132.9ms sig_bytes=29781   exposure=5 chunks OK
  full-pqc   hash_chain       tokens=200   chunk=5    k=5 rep=2 -> ttft=132.4ms sig_bytes=29781   exposure=5 chunks OK
  full-pqc   hash_chain       tokens=200   chunk=5    k=5 rep=3 -> ttft=132.0ms sig_bytes=29781   exposure=5 chunks OK
  full-pqc   hash_chain       tokens=200   chunk=5    k=5 rep=4 -> ttft=132.9ms sig_bytes=29781   exposure=5 chunks OK
  full-pqc   hash_chain       tokens=200   chunk=5    k=5 rep=5 -> ttft=132.9ms sig_bytes=29781   exposure=5 chunks OK
Wrote 30 rows to /Users/manav/Documents/pq-shield/results/streaming/full-pqc-streaming-20261002T154701.csv
Stopping server: full-pqc

Wrote per-transaction summary (incl. resource usage) to /Users/manav/Documents/pq-shield/results/sweep_summaries/20261002T154701.json

[15:52:25] STEP 9 done in 5.4 min

[15:52:25] === STEP 10: checkpoint sequence attacks (Llama) ===

=== Starting server: hybrid (api.server_config_b:app) ===
Server healthy (pid=13404).
  hybrid     hash_chain       drop     -> detected=100% mid_stream=100% fraction_delivered_before_detection=0.51
  hybrid     hash_chain       reorder  -> detected=100% mid_stream=100% fraction_delivered_before_detection=0.50
  hybrid     hash_chain       drop     -> detected=100% mid_stream=100% fraction_delivered_before_detection=0.51
  hybrid     hash_chain       reorder  -> detected=100% mid_stream=100% fraction_delivered_before_detection=0.50
  hybrid     hash_chain       drop     -> detected=100% mid_stream=100% fraction_delivered_before_detection=0.59
  hybrid     hash_chain       reorder  -> detected=100% mid_stream=100% fraction_delivered_before_detection=0.60
  hybrid     hash_chain       drop     -> detected=100% mid_stream=100% fraction_delivered_before_detection=0.72
  hybrid     hash_chain       reorder  -> detected=100% mid_stream=100% fraction_delivered_before_detection=0.72
  hybrid     hash_chain       drop     -> detected=100% mid_stream=100% fraction_delivered_before_detection=0.97
  hybrid     hash_chain       reorder  -> detected=100% mid_stream=100% fraction_delivered_before_detection=0.97
Stopping server: hybrid

=== Starting server: full-pqc (api.server_config_c:app) ===
Server healthy (pid=14056).
  full_pqc   hash_chain       drop     -> detected=100% mid_stream=100% fraction_delivered_before_detection=0.51
  full_pqc   hash_chain       reorder  -> detected=100% mid_stream=100% fraction_delivered_before_detection=0.50
  full_pqc   hash_chain       drop     -> detected=100% mid_stream=100% fraction_delivered_before_detection=0.51
  full_pqc   hash_chain       reorder  -> detected=100% mid_stream=100% fraction_delivered_before_detection=0.50
  full_pqc   hash_chain       drop     -> detected=100% mid_stream=100% fraction_delivered_before_detection=0.59
  full_pqc   hash_chain       reorder  -> detected=100% mid_stream=100% fraction_delivered_before_detection=0.60
  full_pqc   hash_chain       drop     -> detected=100% mid_stream=100% fraction_delivered_before_detection=0.72
  full_pqc   hash_chain       reorder  -> detected=100% mid_stream=100% fraction_delivered_before_detection=0.72
  full_pqc   hash_chain       drop     -> detected=100% mid_stream=100% fraction_delivered_before_detection=0.97
  full_pqc   hash_chain       reorder  -> detected=100% mid_stream=100% fraction_delivered_before_detection=0.97
Stopping server: full-pqc

[16:01:12] STEP 10 done in 8.8 min

[16:01:12] === STEP 11: handshake amortization ===
run_id=20261002T160112 network_profile=localhost

=== Starting server: control (api.server:app), payload_profile=tabular_small ===
Server healthy (pid=14756).
  -> control | concurrency=10 | rep=1 | requests=1000
     done in 9.00s, 111.1 req/s, 0 errors, server 122% CPU -> /Users/manav/Documents/pq-shield/results/raw/control-tabular_small-c10-r1-20261002T160112.csv
  -> control | concurrency=10 | rep=2 | requests=1000
     done in 9.04s, 110.7 req/s, 0 errors, server 122% CPU -> /Users/manav/Documents/pq-shield/results/raw/control-tabular_small-c10-r2-20261002T160112.csv
  -> control | concurrency=10 | rep=3 | requests=1000
     done in 9.02s, 110.8 req/s, 0 errors, server 122% CPU -> /Users/manav/Documents/pq-shield/results/raw/control-tabular_small-c10-r3-20261002T160112.csv
  -> control | concurrency=10 | rep=4 | requests=1000
     done in 9.05s, 110.5 req/s, 0 errors, server 122% CPU -> /Users/manav/Documents/pq-shield/results/raw/control-tabular_small-c10-r4-20261002T160112.csv
  -> control | concurrency=10 | rep=5 | requests=1000
     done in 9.04s, 110.6 req/s, 0 errors, server 122% CPU -> /Users/manav/Documents/pq-shield/results/raw/control-tabular_small-c10-r5-20261002T160112.csv
Stopping server: control

=== Starting server: classical (api.server_config_a:app), payload_profile=tabular_small ===
Server healthy (pid=14886).
  -> classical | concurrency=10 | rep=1 | requests=1000
     done in 18.94s, 52.8 req/s, 0 errors, server 598% CPU -> /Users/manav/Documents/pq-shield/results/raw/classical-tabular_small-c10-r1-20261002T160112.csv
  -> classical | concurrency=10 | rep=2 | requests=1000
     done in 19.39s, 51.6 req/s, 0 errors, server 594% CPU -> /Users/manav/Documents/pq-shield/results/raw/classical-tabular_small-c10-r2-20261002T160112.csv
  -> classical | concurrency=10 | rep=3 | requests=1000
     done in 19.60s, 51.0 req/s, 0 errors, server 598% CPU -> /Users/manav/Documents/pq-shield/results/raw/classical-tabular_small-c10-r3-20261002T160112.csv
  -> classical | concurrency=10 | rep=4 | requests=1000
     done in 19.84s, 50.4 req/s, 0 errors, server 602% CPU -> /Users/manav/Documents/pq-shield/results/raw/classical-tabular_small-c10-r4-20261002T160112.csv
  -> classical | concurrency=10 | rep=5 | requests=1000
     done in 19.64s, 50.9 req/s, 0 errors, server 603% CPU -> /Users/manav/Documents/pq-shield/results/raw/classical-tabular_small-c10-r5-20261002T160112.csv
Stopping server: classical

=== Starting server: classical-ecdhe (api.server_config_ecdhe:app), payload_profile=tabular_small ===
Server healthy (pid=15132).
  -> classical-ecdhe | concurrency=10 | rep=1 | requests=1000
     done in 9.61s, 104.1 req/s, 0 errors, server 121% CPU -> /Users/manav/Documents/pq-shield/results/raw/classical-ecdhe-tabular_small-c10-r1-20261002T160112.csv
  -> classical-ecdhe | concurrency=10 | rep=2 | requests=1000
     done in 9.69s, 103.2 req/s, 0 errors, server 121% CPU -> /Users/manav/Documents/pq-shield/results/raw/classical-ecdhe-tabular_small-c10-r2-20261002T160112.csv
  -> classical-ecdhe | concurrency=10 | rep=3 | requests=1000
     done in 9.66s, 103.5 req/s, 0 errors, server 121% CPU -> /Users/manav/Documents/pq-shield/results/raw/classical-ecdhe-tabular_small-c10-r3-20261002T160112.csv
  -> classical-ecdhe | concurrency=10 | rep=4 | requests=1000
     done in 9.68s, 103.3 req/s, 0 errors, server 121% CPU -> /Users/manav/Documents/pq-shield/results/raw/classical-ecdhe-tabular_small-c10-r4-20261002T160112.csv
  -> classical-ecdhe | concurrency=10 | rep=5 | requests=1000
     done in 9.65s, 103.6 req/s, 0 errors, server 121% CPU -> /Users/manav/Documents/pq-shield/results/raw/classical-ecdhe-tabular_small-c10-r5-20261002T160112.csv
Stopping server: classical-ecdhe

=== Starting server: hybrid (api.server_config_b:app), payload_profile=tabular_small ===
Server healthy (pid=15265).
  -> hybrid | concurrency=10 | rep=1 | requests=1000
     done in 9.46s, 105.7 req/s, 0 errors, server 122% CPU -> /Users/manav/Documents/pq-shield/results/raw/hybrid-tabular_small-c10-r1-20261002T160112.csv
  -> hybrid | concurrency=10 | rep=2 | requests=1000
     done in 9.49s, 105.3 req/s, 0 errors, server 122% CPU -> /Users/manav/Documents/pq-shield/results/raw/hybrid-tabular_small-c10-r2-20261002T160112.csv
  -> hybrid | concurrency=10 | rep=3 | requests=1000
     done in 9.47s, 105.6 req/s, 0 errors, server 122% CPU -> /Users/manav/Documents/pq-shield/results/raw/hybrid-tabular_small-c10-r3-20261002T160112.csv
  -> hybrid | concurrency=10 | rep=4 | requests=1000
     done in 9.51s, 105.2 req/s, 0 errors, server 122% CPU -> /Users/manav/Documents/pq-shield/results/raw/hybrid-tabular_small-c10-r4-20261002T160112.csv
  -> hybrid | concurrency=10 | rep=5 | requests=1000
     done in 9.50s, 105.3 req/s, 0 errors, server 122% CPU -> /Users/manav/Documents/pq-shield/results/raw/hybrid-tabular_small-c10-r5-20261002T160112.csv
Stopping server: hybrid

=== Starting server: hybrid-kex (api.server_config_hybridkex:app), payload_profile=tabular_small ===
Server healthy (pid=15402).
  -> hybrid-kex | concurrency=10 | rep=1 | requests=1000
     done in 9.66s, 103.5 req/s, 0 errors, server 122% CPU -> /Users/manav/Documents/pq-shield/results/raw/hybrid-kex-tabular_small-c10-r1-20261002T160112.csv
  -> hybrid-kex | concurrency=10 | rep=2 | requests=1000
     done in 9.71s, 103.0 req/s, 0 errors, server 122% CPU -> /Users/manav/Documents/pq-shield/results/raw/hybrid-kex-tabular_small-c10-r2-20261002T160112.csv
  -> hybrid-kex | concurrency=10 | rep=3 | requests=1000
     done in 9.70s, 103.1 req/s, 0 errors, server 122% CPU -> /Users/manav/Documents/pq-shield/results/raw/hybrid-kex-tabular_small-c10-r3-20261002T160112.csv
  -> hybrid-kex | concurrency=10 | rep=4 | requests=1000
     done in 9.69s, 103.2 req/s, 0 errors, server 122% CPU -> /Users/manav/Documents/pq-shield/results/raw/hybrid-kex-tabular_small-c10-r4-20261002T160112.csv
  -> hybrid-kex | concurrency=10 | rep=5 | requests=1000
     done in 9.71s, 103.0 req/s, 0 errors, server 122% CPU -> /Users/manav/Documents/pq-shield/results/raw/hybrid-kex-tabular_small-c10-r5-20261002T160112.csv
Stopping server: hybrid-kex

=== Starting server: full-pqc (api.server_config_c:app), payload_profile=tabular_small ===
Server healthy (pid=15533).
  -> full-pqc | concurrency=10 | rep=1 | requests=1000
     done in 9.40s, 106.4 req/s, 0 errors, server 123% CPU -> /Users/manav/Documents/pq-shield/results/raw/full-pqc-tabular_small-c10-r1-20261002T160112.csv
  -> full-pqc | concurrency=10 | rep=2 | requests=1000
     done in 9.42s, 106.2 req/s, 0 errors, server 123% CPU -> /Users/manav/Documents/pq-shield/results/raw/full-pqc-tabular_small-c10-r2-20261002T160112.csv
  -> full-pqc | concurrency=10 | rep=3 | requests=1000
     done in 9.43s, 106.0 req/s, 0 errors, server 123% CPU -> /Users/manav/Documents/pq-shield/results/raw/full-pqc-tabular_small-c10-r3-20261002T160112.csv
  -> full-pqc | concurrency=10 | rep=4 | requests=1000
     done in 9.40s, 106.4 req/s, 0 errors, server 123% CPU -> /Users/manav/Documents/pq-shield/results/raw/full-pqc-tabular_small-c10-r4-20261002T160112.csv
  -> full-pqc | concurrency=10 | rep=5 | requests=1000
     done in 9.46s, 105.7 req/s, 0 errors, server 123% CPU -> /Users/manav/Documents/pq-shield/results/raw/full-pqc-tabular_small-c10-r5-20261002T160112.csv
Stopping server: full-pqc

Wrote per-cell summary (incl. resource usage) to /Users/manav/Documents/pq-shield/results/sweep_summaries/20261002T160112.json
run_id=20261002T160702 network_profile=localhost

=== Starting server: control (api.server:app), payload_profile=tabular_small ===
Server healthy (pid=15661).
  -> control | concurrency=10 | rep=1 | requests=1000
     done in 8.96s, 111.6 req/s, 0 errors, server 122% CPU -> /Users/manav/Documents/pq-shield/results/raw/control-tabular_small-rph10-c10-r1-20261002T160702.csv
  -> control | concurrency=10 | rep=2 | requests=1000
     done in 8.99s, 111.3 req/s, 0 errors, server 122% CPU -> /Users/manav/Documents/pq-shield/results/raw/control-tabular_small-rph10-c10-r2-20261002T160702.csv
  -> control | concurrency=10 | rep=3 | requests=1000
     done in 8.96s, 111.6 req/s, 0 errors, server 122% CPU -> /Users/manav/Documents/pq-shield/results/raw/control-tabular_small-rph10-c10-r3-20261002T160702.csv
  -> control | concurrency=10 | rep=4 | requests=1000
     done in 8.99s, 111.2 req/s, 0 errors, server 122% CPU -> /Users/manav/Documents/pq-shield/results/raw/control-tabular_small-rph10-c10-r4-20261002T160702.csv
  -> control | concurrency=10 | rep=5 | requests=1000
     done in 8.98s, 111.3 req/s, 0 errors, server 123% CPU -> /Users/manav/Documents/pq-shield/results/raw/control-tabular_small-rph10-c10-r5-20261002T160702.csv
Stopping server: control

=== Starting server: classical (api.server_config_a:app), payload_profile=tabular_small ===
Server healthy (pid=15778).
  -> classical | concurrency=10 | rep=1 | requests=1000
     done in 9.41s, 106.3 req/s, 0 errors, server 201% CPU -> /Users/manav/Documents/pq-shield/results/raw/classical-tabular_small-rph10-c10-r1-20261002T160702.csv
  -> classical | concurrency=10 | rep=2 | requests=1000
     done in 9.76s, 102.5 req/s, 0 errors, server 202% CPU -> /Users/manav/Documents/pq-shield/results/raw/classical-tabular_small-rph10-c10-r2-20261002T160702.csv
  -> classical | concurrency=10 | rep=3 | requests=1000
     done in 9.55s, 104.7 req/s, 0 errors, server 204% CPU -> /Users/manav/Documents/pq-shield/results/raw/classical-tabular_small-rph10-c10-r3-20261002T160702.csv
  -> classical | concurrency=10 | rep=4 | requests=1000
     done in 9.50s, 105.2 req/s, 0 errors, server 193% CPU -> /Users/manav/Documents/pq-shield/results/raw/classical-tabular_small-rph10-c10-r4-20261002T160702.csv
  -> classical | concurrency=10 | rep=5 | requests=1000
     done in 9.61s, 104.0 req/s, 0 errors, server 205% CPU -> /Users/manav/Documents/pq-shield/results/raw/classical-tabular_small-rph10-c10-r5-20261002T160702.csv
Stopping server: classical

=== Starting server: classical-ecdhe (api.server_config_ecdhe:app), payload_profile=tabular_small ===
Server healthy (pid=15905).
  -> classical-ecdhe | concurrency=10 | rep=1 | requests=1000
     done in 9.16s, 109.2 req/s, 0 errors, server 122% CPU -> /Users/manav/Documents/pq-shield/results/raw/classical-ecdhe-tabular_small-rph10-c10-r1-20261002T160702.csv
  -> classical-ecdhe | concurrency=10 | rep=2 | requests=1000
     done in 9.18s, 108.9 req/s, 0 errors, server 122% CPU -> /Users/manav/Documents/pq-shield/results/raw/classical-ecdhe-tabular_small-rph10-c10-r2-20261002T160702.csv
  -> classical-ecdhe | concurrency=10 | rep=3 | requests=1000
     done in 9.17s, 109.0 req/s, 0 errors, server 122% CPU -> /Users/manav/Documents/pq-shield/results/raw/classical-ecdhe-tabular_small-rph10-c10-r3-20261002T160702.csv
  -> classical-ecdhe | concurrency=10 | rep=4 | requests=1000
     done in 9.19s, 108.8 req/s, 0 errors, server 122% CPU -> /Users/manav/Documents/pq-shield/results/raw/classical-ecdhe-tabular_small-rph10-c10-r4-20261002T160702.csv
  -> classical-ecdhe | concurrency=10 | rep=5 | requests=1000
     done in 9.15s, 109.3 req/s, 0 errors, server 122% CPU -> /Users/manav/Documents/pq-shield/results/raw/classical-ecdhe-tabular_small-rph10-c10-r5-20261002T160702.csv
Stopping server: classical-ecdhe

=== Starting server: hybrid (api.server_config_b:app), payload_profile=tabular_small ===
Server healthy (pid=16030).
  -> hybrid | concurrency=10 | rep=1 | requests=1000
     done in 9.14s, 109.4 req/s, 0 errors, server 122% CPU -> /Users/manav/Documents/pq-shield/results/raw/hybrid-tabular_small-rph10-c10-r1-20261002T160702.csv
  -> hybrid | concurrency=10 | rep=2 | requests=1000
     done in 9.18s, 108.9 req/s, 0 errors, server 122% CPU -> /Users/manav/Documents/pq-shield/results/raw/hybrid-tabular_small-rph10-c10-r2-20261002T160702.csv
  -> hybrid | concurrency=10 | rep=3 | requests=1000
     done in 9.16s, 109.1 req/s, 0 errors, server 122% CPU -> /Users/manav/Documents/pq-shield/results/raw/hybrid-tabular_small-rph10-c10-r3-20261002T160702.csv
  -> hybrid | concurrency=10 | rep=4 | requests=1000
     done in 9.19s, 108.8 req/s, 0 errors, server 122% CPU -> /Users/manav/Documents/pq-shield/results/raw/hybrid-tabular_small-rph10-c10-r4-20261002T160702.csv
  -> hybrid | concurrency=10 | rep=5 | requests=1000
     done in 9.18s, 108.9 req/s, 0 errors, server 122% CPU -> /Users/manav/Documents/pq-shield/results/raw/hybrid-tabular_small-rph10-c10-r5-20261002T160702.csv
Stopping server: hybrid

=== Starting server: hybrid-kex (api.server_config_hybridkex:app), payload_profile=tabular_small ===
Server healthy (pid=16170).
  -> hybrid-kex | concurrency=10 | rep=1 | requests=1000
     done in 10.01s, 99.9 req/s, 0 errors, server 122% CPU -> /Users/manav/Documents/pq-shield/results/raw/hybrid-kex-tabular_small-rph10-c10-r1-20261002T160702.csv
  -> hybrid-kex | concurrency=10 | rep=2 | requests=1000
     done in 9.92s, 100.8 req/s, 0 errors, server 120% CPU -> /Users/manav/Documents/pq-shield/results/raw/hybrid-kex-tabular_small-rph10-c10-r2-20261002T160702.csv
  -> hybrid-kex | concurrency=10 | rep=3 | requests=1000
     done in 9.80s, 102.0 req/s, 0 errors, server 122% CPU -> /Users/manav/Documents/pq-shield/results/raw/hybrid-kex-tabular_small-rph10-c10-r3-20261002T160702.csv
  -> hybrid-kex | concurrency=10 | rep=4 | requests=1000
     done in 9.78s, 102.2 req/s, 0 errors, server 121% CPU -> /Users/manav/Documents/pq-shield/results/raw/hybrid-kex-tabular_small-rph10-c10-r4-20261002T160702.csv
  -> hybrid-kex | concurrency=10 | rep=5 | requests=1000
     done in 9.48s, 105.5 req/s, 0 errors, server 121% CPU -> /Users/manav/Documents/pq-shield/results/raw/hybrid-kex-tabular_small-rph10-c10-r5-20261002T160702.csv
Stopping server: hybrid-kex

=== Starting server: full-pqc (api.server_config_c:app), payload_profile=tabular_small ===
Server healthy (pid=16363).
  -> full-pqc | concurrency=10 | rep=1 | requests=1000
     done in 12.56s, 79.6 req/s, 0 errors, server 107% CPU -> /Users/manav/Documents/pq-shield/results/raw/full-pqc-tabular_small-rph10-c10-r1-20261002T160702.csv
  -> full-pqc | concurrency=10 | rep=2 | requests=1000
     done in 9.75s, 102.5 req/s, 0 errors, server 119% CPU -> /Users/manav/Documents/pq-shield/results/raw/full-pqc-tabular_small-rph10-c10-r2-20261002T160702.csv
  -> full-pqc | concurrency=10 | rep=3 | requests=1000
     done in 9.34s, 107.1 req/s, 0 errors, server 122% CPU -> /Users/manav/Documents/pq-shield/results/raw/full-pqc-tabular_small-rph10-c10-r3-20261002T160702.csv
  -> full-pqc | concurrency=10 | rep=4 | requests=1000
     done in 9.41s, 106.2 req/s, 0 errors, server 122% CPU -> /Users/manav/Documents/pq-shield/results/raw/full-pqc-tabular_small-rph10-c10-r4-20261002T160702.csv
  -> full-pqc | concurrency=10 | rep=5 | requests=1000
     done in 9.71s, 102.9 req/s, 0 errors, server 122% CPU -> /Users/manav/Documents/pq-shield/results/raw/full-pqc-tabular_small-rph10-c10-r5-20261002T160702.csv
Stopping server: full-pqc

Wrote per-cell summary (incl. resource usage) to /Users/manav/Documents/pq-shield/results/sweep_summaries/20261002T160702.json
run_id=20261002T161201 network_profile=localhost

=== Starting server: control (api.server:app), payload_profile=tabular_small ===
Server healthy (pid=16655).
  -> control | concurrency=10 | rep=1 | requests=1000
     done in 9.13s, 109.5 req/s, 0 errors, server 122% CPU -> /Users/manav/Documents/pq-shield/results/raw/control-tabular_small-rph100-c10-r1-20261002T161201.csv
  -> control | concurrency=10 | rep=2 | requests=1000
     done in 9.53s, 105.0 req/s, 0 errors, server 120% CPU -> /Users/manav/Documents/pq-shield/results/raw/control-tabular_small-rph100-c10-r2-20261002T161201.csv
  -> control | concurrency=10 | rep=3 | requests=1000
     done in 9.21s, 108.5 req/s, 0 errors, server 122% CPU -> /Users/manav/Documents/pq-shield/results/raw/control-tabular_small-rph100-c10-r3-20261002T161201.csv
  -> control | concurrency=10 | rep=4 | requests=1000
     done in 9.25s, 108.2 req/s, 0 errors, server 121% CPU -> /Users/manav/Documents/pq-shield/results/raw/control-tabular_small-rph100-c10-r4-20261002T161201.csv
  -> control | concurrency=10 | rep=5 | requests=1000
     done in 9.12s, 109.6 req/s, 0 errors, server 122% CPU -> /Users/manav/Documents/pq-shield/results/raw/control-tabular_small-rph100-c10-r5-20261002T161201.csv
Stopping server: control

=== Starting server: classical (api.server_config_a:app), payload_profile=tabular_small ===
Server healthy (pid=16795).
  -> classical | concurrency=10 | rep=1 | requests=1000
     done in 9.35s, 106.9 req/s, 0 errors, server 133% CPU -> /Users/manav/Documents/pq-shield/results/raw/classical-tabular_small-rph100-c10-r1-20261002T161201.csv
  -> classical | concurrency=10 | rep=2 | requests=1000
     done in 9.49s, 105.3 req/s, 0 errors, server 133% CPU -> /Users/manav/Documents/pq-shield/results/raw/classical-tabular_small-rph100-c10-r2-20261002T161201.csv
  -> classical | concurrency=10 | rep=3 | requests=1000
     done in 9.45s, 105.8 req/s, 0 errors, server 132% CPU -> /Users/manav/Documents/pq-shield/results/raw/classical-tabular_small-rph100-c10-r3-20261002T161201.csv
  -> classical | concurrency=10 | rep=4 | requests=1000
     done in 9.45s, 105.8 req/s, 0 errors, server 134% CPU -> /Users/manav/Documents/pq-shield/results/raw/classical-tabular_small-rph100-c10-r4-20261002T161201.csv
  -> classical | concurrency=10 | rep=5 | requests=1000
     done in 9.40s, 106.4 req/s, 0 errors, server 134% CPU -> /Users/manav/Documents/pq-shield/results/raw/classical-tabular_small-rph100-c10-r5-20261002T161201.csv
Stopping server: classical

=== Starting server: classical-ecdhe (api.server_config_ecdhe:app), payload_profile=tabular_small ===
Server healthy (pid=16929).
  -> classical-ecdhe | concurrency=10 | rep=1 | requests=1000
     done in 9.25s, 108.1 req/s, 0 errors, server 122% CPU -> /Users/manav/Documents/pq-shield/results/raw/classical-ecdhe-tabular_small-rph100-c10-r1-20261002T161201.csv
  -> classical-ecdhe | concurrency=10 | rep=2 | requests=1000
     done in 9.30s, 107.6 req/s, 0 errors, server 122% CPU -> /Users/manav/Documents/pq-shield/results/raw/classical-ecdhe-tabular_small-rph100-c10-r2-20261002T161201.csv
  -> classical-ecdhe | concurrency=10 | rep=3 | requests=1000
     done in 9.26s, 108.0 req/s, 0 errors, server 123% CPU -> /Users/manav/Documents/pq-shield/results/raw/classical-ecdhe-tabular_small-rph100-c10-r3-20261002T161201.csv
  -> classical-ecdhe | concurrency=10 | rep=4 | requests=1000
     done in 9.24s, 108.2 req/s, 0 errors, server 123% CPU -> /Users/manav/Documents/pq-shield/results/raw/classical-ecdhe-tabular_small-rph100-c10-r4-20261002T161201.csv
  -> classical-ecdhe | concurrency=10 | rep=5 | requests=1000
     done in 9.20s, 108.6 req/s, 0 errors, server 122% CPU -> /Users/manav/Documents/pq-shield/results/raw/classical-ecdhe-tabular_small-rph100-c10-r5-20261002T161201.csv
Stopping server: classical-ecdhe

=== Starting server: hybrid (api.server_config_b:app), payload_profile=tabular_small ===
Server healthy (pid=17058).
  -> hybrid | concurrency=10 | rep=1 | requests=1000
     done in 9.17s, 109.0 req/s, 0 errors, server 122% CPU -> /Users/manav/Documents/pq-shield/results/raw/hybrid-tabular_small-rph100-c10-r1-20261002T161201.csv
  -> hybrid | concurrency=10 | rep=2 | requests=1000
     done in 9.21s, 108.5 req/s, 0 errors, server 123% CPU -> /Users/manav/Documents/pq-shield/results/raw/hybrid-tabular_small-rph100-c10-r2-20261002T161201.csv
  -> hybrid | concurrency=10 | rep=3 | requests=1000
     done in 9.20s, 108.7 req/s, 0 errors, server 123% CPU -> /Users/manav/Documents/pq-shield/results/raw/hybrid-tabular_small-rph100-c10-r3-20261002T161201.csv
  -> hybrid | concurrency=10 | rep=4 | requests=1000
     done in 9.22s, 108.4 req/s, 0 errors, server 122% CPU -> /Users/manav/Documents/pq-shield/results/raw/hybrid-tabular_small-rph100-c10-r4-20261002T161201.csv
  -> hybrid | concurrency=10 | rep=5 | requests=1000
     done in 9.22s, 108.5 req/s, 0 errors, server 123% CPU -> /Users/manav/Documents/pq-shield/results/raw/hybrid-tabular_small-rph100-c10-r5-20261002T161201.csv
Stopping server: hybrid

=== Starting server: hybrid-kex (api.server_config_hybridkex:app), payload_profile=tabular_small ===
Server healthy (pid=17188).
  -> hybrid-kex | concurrency=10 | rep=1 | requests=1000
     done in 9.20s, 108.7 req/s, 0 errors, server 123% CPU -> /Users/manav/Documents/pq-shield/results/raw/hybrid-kex-tabular_small-rph100-c10-r1-20261002T161201.csv
  -> hybrid-kex | concurrency=10 | rep=2 | requests=1000
     done in 9.35s, 107.0 req/s, 0 errors, server 122% CPU -> /Users/manav/Documents/pq-shield/results/raw/hybrid-kex-tabular_small-rph100-c10-r2-20261002T161201.csv
  -> hybrid-kex | concurrency=10 | rep=3 | requests=1000
     done in 9.48s, 105.5 req/s, 0 errors, server 121% CPU -> /Users/manav/Documents/pq-shield/results/raw/hybrid-kex-tabular_small-rph100-c10-r3-20261002T161201.csv
  -> hybrid-kex | concurrency=10 | rep=4 | requests=1000
     done in 9.67s, 103.4 req/s, 0 errors, server 121% CPU -> /Users/manav/Documents/pq-shield/results/raw/hybrid-kex-tabular_small-rph100-c10-r4-20261002T161201.csv
  -> hybrid-kex | concurrency=10 | rep=5 | requests=1000
     done in 9.37s, 106.8 req/s, 0 errors, server 122% CPU -> /Users/manav/Documents/pq-shield/results/raw/hybrid-kex-tabular_small-rph100-c10-r5-20261002T161201.csv
Stopping server: hybrid-kex

=== Starting server: full-pqc (api.server_config_c:app), payload_profile=tabular_small ===
Server healthy (pid=17322).
  -> full-pqc | concurrency=10 | rep=1 | requests=1000
     done in 9.40s, 106.4 req/s, 0 errors, server 122% CPU -> /Users/manav/Documents/pq-shield/results/raw/full-pqc-tabular_small-rph100-c10-r1-20261002T161201.csv
  -> full-pqc | concurrency=10 | rep=2 | requests=1000
     done in 9.68s, 103.3 req/s, 0 errors, server 121% CPU -> /Users/manav/Documents/pq-shield/results/raw/full-pqc-tabular_small-rph100-c10-r2-20261002T161201.csv
  -> full-pqc | concurrency=10 | rep=3 | requests=1000
     done in 9.26s, 108.0 req/s, 0 errors, server 123% CPU -> /Users/manav/Documents/pq-shield/results/raw/full-pqc-tabular_small-rph100-c10-r3-20261002T161201.csv
  -> full-pqc | concurrency=10 | rep=4 | requests=1000
     done in 9.35s, 107.0 req/s, 0 errors, server 122% CPU -> /Users/manav/Documents/pq-shield/results/raw/full-pqc-tabular_small-rph100-c10-r4-20261002T161201.csv
  -> full-pqc | concurrency=10 | rep=5 | requests=1000
     done in 9.52s, 105.0 req/s, 0 errors, server 122% CPU -> /Users/manav/Documents/pq-shield/results/raw/full-pqc-tabular_small-rph100-c10-r5-20261002T161201.csv
Stopping server: full-pqc

Wrote per-cell summary (incl. resource usage) to /Users/manav/Documents/pq-shield/results/sweep_summaries/20261002T161201.json

[16:16:58] STEP 11 done in 15.8 min

[16:16:58] All done. Failed steps: none. Manifest: /Users/manav/Documents/pq-shield/results/paper_runs.json
Traceback (most recent call last):
  File "<frozen runpy>", line 198, in _run_module_as_main
  File "<frozen runpy>", line 88, in _run_code
  File "/Users/manav/Documents/pq-shield/analysis/paper_figures.py", line 1192, in <module>
    main()
    ~~~~^^
  File "/Users/manav/Documents/pq-shield/analysis/paper_figures.py", line 1117, in main
    conc_df, provisional, conc_label = load_concurrency(args.results_dir, args.concurrency_run_id, args.warmup_fraction)
                                       ~~~~~~~~~~~~~~~~^^^^^^^^^^^^^^^^^^^^^^^^^^^^^^^^^^^^^^^^^^^^^^^^^^^^^^^^^^^^^^^^^
  File "/Users/manav/Documents/pq-shield/analysis/paper_figures.py", line 212, in load_concurrency
    df = _latest_run_per_cell(raw[raw["run_id"].astype(str).isin(run_ids)])
  File "/Users/manav/Documents/pq-shield/analysis/paper_figures.py", line 204, in _latest_run_per_cell
    k = df[keys].astype(str).agg("|".join, axis=1)
  File "/Users/manav/Documents/pq-shield/.venv/lib/python3.13/site-packages/pandas/core/frame.py", line 12048, in aggregate
    result = op.agg()
  File "/Users/manav/Documents/pq-shield/.venv/lib/python3.13/site-packages/pandas/core/apply.py", line 1036, in agg
    result = self.obj.apply(self.func, axis, args=self.args, **self.kwargs)
  File "/Users/manav/Documents/pq-shield/.venv/lib/python3.13/site-packages/pandas/core/frame.py", line 12437, in apply
    return op.apply().__finalize__(self, method="apply")
           ~~~~~~~~^^
  File "/Users/manav/Documents/pq-shield/.venv/lib/python3.13/site-packages/pandas/core/apply.py", line 1015, in apply
    return self.apply_standard()
           ~~~~~~~~~~~~~~~~~~~^^
  File "/Users/manav/Documents/pq-shield/.venv/lib/python3.13/site-packages/pandas/core/apply.py", line 1167, in apply_standard
    results, res_index = self.apply_series_generator()
                         ~~~~~~~~~~~~~~~~~~~~~~~~~~~^^
  File "/Users/manav/Documents/pq-shield/.venv/lib/python3.13/site-packages/pandas/core/apply.py", line 1183, in apply_series_generator
    results[i] = self.func(v, *self.args, **self.kwargs)
                 ~~~~~~~~~^^^^^^^^^^^^^^^^^^^^^^^^^^^^^^
TypeError: sequence item 3: expected str instance, float found
Using run ids from results/paper_runs.json
Traceback (most recent call last):
  File "<frozen runpy>", line 198, in _run_module_as_main
  File "<frozen runpy>", line 88, in _run_code
  File "/Users/manav/Documents/pq-shield/bench/paper_runs.py", line 281, in <module>
    main()
    ~~~~^^
  File "/Users/manav/Documents/pq-shield/bench/paper_runs.py", line 276, in main
    _run([PYTHON_BIN, "-m", "analysis.paper_figures"])
    ~~~~^^^^^^^^^^^^^^^^^^^^^^^^^^^^^^^^^^^^^^^^^^^^^^
  File "/Users/manav/Documents/pq-shield/bench/paper_runs.py", line 73, in _run
    subprocess.run(cmd, cwd=REPO_ROOT, env=full_env, check=True)
    ~~~~~~~~~~~~~~^^^^^^^^^^^^^^^^^^^^^^^^^^^^^^^^^^^^^^^^^^^^^^
  File "/Users/manav/miniconda3/lib/python3.13/subprocess.py", line 577, in run
    raise CalledProcessError(retcode, process.args,
                             output=stdout, stderr=stderr)
subprocess.CalledProcessError: Command '['/Users/manav/Documents/pq-shield/.venv/bin/python', '-m', 'analysis.paper_figures']' returned non-zero exit status 1.
[16:17:03] paper_runs exited with 0
[17:25:22] REVIEW RE-RUN: steps 13,6,8,9,10 (control-2rt, stream protocol v2, new attacks)

[17:25:24] Archived existing threat/validation results to /Users/manav/Documents/pq-shield/results/archive/pre_rerun_20261002T172524

[17:25:24] === STEP 13: matched-protocol control (Control-2RT) ===
run_id=20261002T172524 network_profile=localhost

=== Starting server: control-2rt (api.server:app), payload_profile=tabular_small ===
Server healthy (pid=29891).
  -> control-2rt | concurrency=10 | rep=1 | requests=100
     done in 0.96s, 104.1 req/s, 0 errors, server 91% CPU -> /Users/manav/Documents/pq-shield/results/raw/control-2rt-tabular_small-c10-r1-20261002T172524.csv
  -> control-2rt | concurrency=10 | rep=2 | requests=100
     done in 0.96s, 104.1 req/s, 0 errors, server 90% CPU -> /Users/manav/Documents/pq-shield/results/raw/control-2rt-tabular_small-c10-r2-20261002T172524.csv
  -> control-2rt | concurrency=10 | rep=3 | requests=100
     done in 0.95s, 105.4 req/s, 0 errors, server 93% CPU -> /Users/manav/Documents/pq-shield/results/raw/control-2rt-tabular_small-c10-r3-20261002T172524.csv
  -> control-2rt | concurrency=10 | rep=4 | requests=100
     done in 0.94s, 106.3 req/s, 0 errors, server 93% CPU -> /Users/manav/Documents/pq-shield/results/raw/control-2rt-tabular_small-c10-r4-20261002T172524.csv
  -> control-2rt | concurrency=10 | rep=5 | requests=100
     done in 0.98s, 102.2 req/s, 0 errors, server 92% CPU -> /Users/manav/Documents/pq-shield/results/raw/control-2rt-tabular_small-c10-r5-20261002T172524.csv
  -> control-2rt | concurrency=100 | rep=1 | requests=1000
     done in 13.09s, 76.4 req/s, 0 errors, server 88% CPU -> /Users/manav/Documents/pq-shield/results/raw/control-2rt-tabular_small-c100-r1-20261002T172524.csv
  -> control-2rt | concurrency=100 | rep=2 | requests=1000
     done in 12.44s, 80.4 req/s, 0 errors, server 93% CPU -> /Users/manav/Documents/pq-shield/results/raw/control-2rt-tabular_small-c100-r2-20261002T172524.csv
  -> control-2rt | concurrency=100 | rep=3 | requests=1000
     done in 12.58s, 79.5 req/s, 0 errors, server 92% CPU -> /Users/manav/Documents/pq-shield/results/raw/control-2rt-tabular_small-c100-r3-20261002T172524.csv
  -> control-2rt | concurrency=100 | rep=4 | requests=1000
     done in 12.66s, 79.0 req/s, 0 errors, server 92% CPU -> /Users/manav/Documents/pq-shield/results/raw/control-2rt-tabular_small-c100-r4-20261002T172524.csv
  -> control-2rt | concurrency=100 | rep=5 | requests=1000
     done in 12.67s, 78.9 req/s, 0 errors, server 93% CPU -> /Users/manav/Documents/pq-shield/results/raw/control-2rt-tabular_small-c100-r5-20261002T172524.csv
  -> control-2rt | concurrency=1000 | rep=1 | requests=10000
     done in 254.52s, 39.3 req/s, 24 errors, server 47% CPU -> /Users/manav/Documents/pq-shield/results/raw/control-2rt-tabular_small-c1000-r1-20261002T172524.csv
  -> control-2rt | concurrency=1000 | rep=2 | requests=10000
     done in 235.53s, 42.5 req/s, 15 errors, server 51% CPU -> /Users/manav/Documents/pq-shield/results/raw/control-2rt-tabular_small-c1000-r2-20261002T172524.csv
  -> control-2rt | concurrency=1000 | rep=3 | requests=10000
     done in 280.60s, 35.6 req/s, 19 errors, server 42% CPU -> /Users/manav/Documents/pq-shield/results/raw/control-2rt-tabular_small-c1000-r3-20261002T172524.csv
  -> control-2rt | concurrency=1000 | rep=4 | requests=10000
     done in 253.35s, 39.5 req/s, 34 errors, server 47% CPU -> /Users/manav/Documents/pq-shield/results/raw/control-2rt-tabular_small-c1000-r4-20261002T172524.csv
  -> control-2rt | concurrency=1000 | rep=5 | requests=10000
     done in 284.12s, 35.2 req/s, 25 errors, server 42% CPU -> /Users/manav/Documents/pq-shield/results/raw/control-2rt-tabular_small-c1000-r5-20261002T172524.csv
Stopping server: control-2rt

Wrote per-cell summary (incl. resource usage) to /Users/manav/Documents/pq-shield/results/sweep_summaries/20261002T172524.json

[17:48:23] STEP 13 done in 23.0 min

[17:48:23] === STEP 6: streaming strategies (Llama) ===
run_id=20261002T174823 backend=llama_cpp

=== Starting server: classical (api.server_config_a:app) ===
Server healthy (pid=34028).
  (1 warm-up transaction(s) discarded)
  classical  per_chunk        tokens=200   chunk=5    k=None rep=1 -> ttft=138.6ms sig_bytes=2916    exposure=1 chunks OK
  classical  per_chunk        tokens=200   chunk=5    k=None rep=2 -> ttft=134.9ms sig_bytes=2910    exposure=1 chunks OK
  classical  per_chunk        tokens=200   chunk=5    k=None rep=3 -> ttft=136.5ms sig_bytes=2914    exposure=1 chunks OK
  classical  per_chunk        tokens=200   chunk=5    k=None rep=4 -> ttft=126.1ms sig_bytes=2904    exposure=1 chunks OK
  classical  per_chunk        tokens=200   chunk=5    k=None rep=5 -> ttft=133.9ms sig_bytes=2902    exposure=1 chunks OK
  classical  per_chunk        tokens=200   chunk=5    k=None rep=6 -> ttft=133.3ms sig_bytes=2907    exposure=1 chunks OK
  classical  per_chunk        tokens=200   chunk=5    k=None rep=7 -> ttft=130.9ms sig_bytes=2902    exposure=1 chunks OK
  classical  per_chunk        tokens=200   chunk=5    k=None rep=8 -> ttft=127.1ms sig_bytes=2918    exposure=1 chunks OK
  classical  per_chunk        tokens=200   chunk=5    k=None rep=9 -> ttft=137.5ms sig_bytes=2908    exposure=1 chunks OK
  classical  per_chunk        tokens=200   chunk=5    k=None rep=10 -> ttft=126.2ms sig_bytes=2907    exposure=1 chunks OK
  classical  hash_chain       tokens=200   chunk=5    k=None rep=1 -> ttft=126.2ms sig_bytes=72      exposure=40 chunks OK
  classical  hash_chain       tokens=200   chunk=5    k=None rep=2 -> ttft=126.4ms sig_bytes=71      exposure=40 chunks OK
  classical  hash_chain       tokens=200   chunk=5    k=None rep=3 -> ttft=126.9ms sig_bytes=71      exposure=40 chunks OK
  classical  hash_chain       tokens=200   chunk=5    k=None rep=4 -> ttft=126.0ms sig_bytes=70      exposure=40 chunks OK
  classical  hash_chain       tokens=200   chunk=5    k=None rep=5 -> ttft=126.8ms sig_bytes=71      exposure=40 chunks OK
  classical  hash_chain       tokens=200   chunk=5    k=None rep=6 -> ttft=130.3ms sig_bytes=71      exposure=40 chunks OK
  classical  hash_chain       tokens=200   chunk=5    k=None rep=7 -> ttft=126.4ms sig_bytes=72      exposure=40 chunks OK
  classical  hash_chain       tokens=200   chunk=5    k=None rep=8 -> ttft=128.0ms sig_bytes=72      exposure=40 chunks OK
  classical  hash_chain       tokens=200   chunk=5    k=None rep=9 -> ttft=129.7ms sig_bytes=70      exposure=40 chunks OK
  classical  hash_chain       tokens=200   chunk=5    k=None rep=10 -> ttft=132.4ms sig_bytes=70      exposure=40 chunks OK
  classical  buffer_and_sign  tokens=50    chunk=5    k=None rep=1 -> ttft=1240.9ms sig_bytes=72      exposure=0 chunks OK
  classical  buffer_and_sign  tokens=50    chunk=5    k=None rep=2 -> ttft=1239.2ms sig_bytes=72      exposure=0 chunks OK
  classical  buffer_and_sign  tokens=50    chunk=5    k=None rep=3 -> ttft=1239.7ms sig_bytes=70      exposure=0 chunks OK
  classical  buffer_and_sign  tokens=50    chunk=5    k=None rep=4 -> ttft=1240.4ms sig_bytes=72      exposure=0 chunks OK
  classical  buffer_and_sign  tokens=50    chunk=5    k=None rep=5 -> ttft=1238.7ms sig_bytes=71      exposure=0 chunks OK
  classical  buffer_and_sign  tokens=50    chunk=5    k=None rep=6 -> ttft=1238.2ms sig_bytes=71      exposure=0 chunks OK
  classical  buffer_and_sign  tokens=50    chunk=5    k=None rep=7 -> ttft=1241.0ms sig_bytes=72      exposure=0 chunks OK
  classical  buffer_and_sign  tokens=50    chunk=5    k=None rep=8 -> ttft=1242.0ms sig_bytes=71      exposure=0 chunks OK
  classical  buffer_and_sign  tokens=50    chunk=5    k=None rep=9 -> ttft=1239.4ms sig_bytes=71      exposure=0 chunks OK
  classical  buffer_and_sign  tokens=50    chunk=5    k=None rep=10 -> ttft=1237.7ms sig_bytes=70      exposure=0 chunks OK
  classical  hash_chain       tokens=50    chunk=5    k=None rep=1 -> ttft=134.0ms sig_bytes=71      exposure=10 chunks OK
  classical  hash_chain       tokens=50    chunk=5    k=None rep=2 -> ttft=127.1ms sig_bytes=71      exposure=10 chunks OK
  classical  hash_chain       tokens=50    chunk=5    k=None rep=3 -> ttft=130.8ms sig_bytes=71      exposure=10 chunks OK
  classical  hash_chain       tokens=50    chunk=5    k=None rep=4 -> ttft=126.8ms sig_bytes=71      exposure=10 chunks OK
  classical  hash_chain       tokens=50    chunk=5    k=None rep=5 -> ttft=127.6ms sig_bytes=71      exposure=10 chunks OK
  classical  hash_chain       tokens=50    chunk=5    k=None rep=6 -> ttft=126.8ms sig_bytes=71      exposure=10 chunks OK
  classical  hash_chain       tokens=50    chunk=5    k=None rep=7 -> ttft=136.7ms sig_bytes=70      exposure=10 chunks OK
  classical  hash_chain       tokens=50    chunk=5    k=None rep=8 -> ttft=126.8ms sig_bytes=72      exposure=10 chunks OK
  classical  hash_chain       tokens=50    chunk=5    k=None rep=9 -> ttft=131.9ms sig_bytes=70      exposure=10 chunks OK
  classical  hash_chain       tokens=50    chunk=5    k=None rep=10 -> ttft=126.9ms sig_bytes=70      exposure=10 chunks OK
  classical  buffer_and_sign  tokens=200   chunk=5    k=None rep=1 -> ttft=5130.7ms sig_bytes=71      exposure=0 chunks OK
  classical  buffer_and_sign  tokens=200   chunk=5    k=None rep=2 -> ttft=5206.4ms sig_bytes=72      exposure=0 chunks OK
  classical  buffer_and_sign  tokens=200   chunk=5    k=None rep=3 -> ttft=4989.8ms sig_bytes=70      exposure=0 chunks OK
  classical  buffer_and_sign  tokens=200   chunk=5    k=None rep=4 -> ttft=5041.4ms sig_bytes=72      exposure=0 chunks OK
  classical  buffer_and_sign  tokens=200   chunk=5    k=None rep=5 -> ttft=5003.6ms sig_bytes=71      exposure=0 chunks OK
  classical  buffer_and_sign  tokens=200   chunk=5    k=None rep=6 -> ttft=5008.6ms sig_bytes=72      exposure=0 chunks OK
  classical  buffer_and_sign  tokens=200   chunk=5    k=None rep=7 -> ttft=5014.4ms sig_bytes=71      exposure=0 chunks OK
  classical  buffer_and_sign  tokens=200   chunk=5    k=None rep=8 -> ttft=5016.7ms sig_bytes=71      exposure=0 chunks OK
  classical  buffer_and_sign  tokens=200   chunk=5    k=None rep=9 -> ttft=5007.0ms sig_bytes=70      exposure=0 chunks OK
  classical  buffer_and_sign  tokens=200   chunk=5    k=None rep=10 -> ttft=5011.7ms sig_bytes=71      exposure=0 chunks OK
  classical  per_chunk        tokens=50    chunk=5    k=None rep=1 -> ttft=128.3ms sig_bytes=783     exposure=1 chunks OK
  classical  per_chunk        tokens=50    chunk=5    k=None rep=2 -> ttft=134.3ms sig_bytes=778     exposure=1 chunks OK
  classical  per_chunk        tokens=50    chunk=5    k=None rep=3 -> ttft=128.6ms sig_bytes=782     exposure=1 chunks OK
  classical  per_chunk        tokens=50    chunk=5    k=None rep=4 -> ttft=127.8ms sig_bytes=784     exposure=1 chunks OK
  classical  per_chunk        tokens=50    chunk=5    k=None rep=5 -> ttft=131.6ms sig_bytes=783     exposure=1 chunks OK
  classical  per_chunk        tokens=50    chunk=5    k=None rep=6 -> ttft=132.5ms sig_bytes=783     exposure=1 chunks OK
  classical  per_chunk        tokens=50    chunk=5    k=None rep=7 -> ttft=128.6ms sig_bytes=781     exposure=1 chunks OK
  classical  per_chunk        tokens=50    chunk=5    k=None rep=8 -> ttft=128.2ms sig_bytes=783     exposure=1 chunks OK
  classical  per_chunk        tokens=50    chunk=5    k=None rep=9 -> ttft=128.4ms sig_bytes=783     exposure=1 chunks OK
  classical  per_chunk        tokens=50    chunk=5    k=None rep=10 -> ttft=139.1ms sig_bytes=779     exposure=1 chunks OK
Wrote 60 rows to /Users/manav/Documents/pq-shield/results/streaming/classical-streaming-20261002T174823.csv
Stopping server: classical

=== Starting server: classical-ecdhe (api.server_config_ecdhe:app) ===
Server healthy (pid=34575).
  (1 warm-up transaction(s) discarded)
  classical-ecdhe per_chunk        tokens=200   chunk=5    k=None rep=1 -> ttft=125.4ms sig_bytes=2912    exposure=1 chunks OK
  classical-ecdhe per_chunk        tokens=200   chunk=5    k=None rep=2 -> ttft=124.9ms sig_bytes=2913    exposure=1 chunks OK
  classical-ecdhe per_chunk        tokens=200   chunk=5    k=None rep=3 -> ttft=125.7ms sig_bytes=2920    exposure=1 chunks OK
  classical-ecdhe per_chunk        tokens=200   chunk=5    k=None rep=4 -> ttft=125.9ms sig_bytes=2906    exposure=1 chunks OK
  classical-ecdhe per_chunk        tokens=200   chunk=5    k=None rep=5 -> ttft=126.3ms sig_bytes=2923    exposure=1 chunks OK
  classical-ecdhe per_chunk        tokens=200   chunk=5    k=None rep=6 -> ttft=125.7ms sig_bytes=2913    exposure=1 chunks OK
  classical-ecdhe per_chunk        tokens=200   chunk=5    k=None rep=7 -> ttft=126.1ms sig_bytes=2908    exposure=1 chunks OK
  classical-ecdhe per_chunk        tokens=200   chunk=5    k=None rep=8 -> ttft=126.1ms sig_bytes=2912    exposure=1 chunks OK
  classical-ecdhe per_chunk        tokens=200   chunk=5    k=None rep=9 -> ttft=141.6ms sig_bytes=2910    exposure=1 chunks OK
  classical-ecdhe per_chunk        tokens=200   chunk=5    k=None rep=10 -> ttft=127.4ms sig_bytes=2918    exposure=1 chunks OK
  classical-ecdhe hash_chain       tokens=50    chunk=5    k=None rep=1 -> ttft=128.0ms sig_bytes=70      exposure=10 chunks OK
  classical-ecdhe hash_chain       tokens=50    chunk=5    k=None rep=2 -> ttft=128.0ms sig_bytes=71      exposure=10 chunks OK
  classical-ecdhe hash_chain       tokens=50    chunk=5    k=None rep=3 -> ttft=127.5ms sig_bytes=71      exposure=10 chunks OK
  classical-ecdhe hash_chain       tokens=50    chunk=5    k=None rep=4 -> ttft=127.7ms sig_bytes=70      exposure=10 chunks OK
  classical-ecdhe hash_chain       tokens=50    chunk=5    k=None rep=5 -> ttft=129.5ms sig_bytes=72      exposure=10 chunks OK
  classical-ecdhe hash_chain       tokens=50    chunk=5    k=None rep=6 -> ttft=130.4ms sig_bytes=70      exposure=10 chunks OK
  classical-ecdhe hash_chain       tokens=50    chunk=5    k=None rep=7 -> ttft=129.2ms sig_bytes=70      exposure=10 chunks OK
  classical-ecdhe hash_chain       tokens=50    chunk=5    k=None rep=8 -> ttft=128.2ms sig_bytes=72      exposure=10 chunks OK
  classical-ecdhe hash_chain       tokens=50    chunk=5    k=None rep=9 -> ttft=128.8ms sig_bytes=71      exposure=10 chunks OK
  classical-ecdhe hash_chain       tokens=50    chunk=5    k=None rep=10 -> ttft=129.7ms sig_bytes=72      exposure=10 chunks OK
  classical-ecdhe buffer_and_sign  tokens=50    chunk=5    k=None rep=1 -> ttft=1308.3ms sig_bytes=72      exposure=0 chunks OK
  classical-ecdhe buffer_and_sign  tokens=50    chunk=5    k=None rep=2 -> ttft=1320.1ms sig_bytes=71      exposure=0 chunks OK
  classical-ecdhe buffer_and_sign  tokens=50    chunk=5    k=None rep=3 -> ttft=1318.1ms sig_bytes=71      exposure=0 chunks OK
  classical-ecdhe buffer_and_sign  tokens=50    chunk=5    k=None rep=4 -> ttft=1315.6ms sig_bytes=72      exposure=0 chunks OK
  classical-ecdhe buffer_and_sign  tokens=50    chunk=5    k=None rep=5 -> ttft=1329.9ms sig_bytes=70      exposure=0 chunks OK
  classical-ecdhe buffer_and_sign  tokens=50    chunk=5    k=None rep=6 -> ttft=1333.7ms sig_bytes=71      exposure=0 chunks OK
  classical-ecdhe buffer_and_sign  tokens=50    chunk=5    k=None rep=7 -> ttft=1334.9ms sig_bytes=70      exposure=0 chunks OK
  classical-ecdhe buffer_and_sign  tokens=50    chunk=5    k=None rep=8 -> ttft=1377.6ms sig_bytes=71      exposure=0 chunks OK
  classical-ecdhe buffer_and_sign  tokens=50    chunk=5    k=None rep=9 -> ttft=1333.9ms sig_bytes=71      exposure=0 chunks OK
  classical-ecdhe buffer_and_sign  tokens=50    chunk=5    k=None rep=10 -> ttft=1349.1ms sig_bytes=71      exposure=0 chunks OK
  classical-ecdhe hash_chain       tokens=200   chunk=5    k=None rep=1 -> ttft=135.6ms sig_bytes=72      exposure=40 chunks OK
  classical-ecdhe hash_chain       tokens=200   chunk=5    k=None rep=2 -> ttft=136.7ms sig_bytes=72      exposure=40 chunks OK
  classical-ecdhe hash_chain       tokens=200   chunk=5    k=None rep=3 -> ttft=140.0ms sig_bytes=72      exposure=40 chunks OK
  classical-ecdhe hash_chain       tokens=200   chunk=5    k=None rep=4 -> ttft=141.3ms sig_bytes=71      exposure=40 chunks OK
  classical-ecdhe hash_chain       tokens=200   chunk=5    k=None rep=5 -> ttft=147.3ms sig_bytes=71      exposure=40 chunks OK
  classical-ecdhe hash_chain       tokens=200   chunk=5    k=None rep=6 -> ttft=141.2ms sig_bytes=70      exposure=40 chunks OK
  classical-ecdhe hash_chain       tokens=200   chunk=5    k=None rep=7 -> ttft=143.0ms sig_bytes=70      exposure=40 chunks OK
  classical-ecdhe hash_chain       tokens=200   chunk=5    k=None rep=8 -> ttft=142.0ms sig_bytes=72      exposure=40 chunks OK
  classical-ecdhe hash_chain       tokens=200   chunk=5    k=None rep=9 -> ttft=148.0ms sig_bytes=71      exposure=40 chunks OK
  classical-ecdhe hash_chain       tokens=200   chunk=5    k=None rep=10 -> ttft=138.7ms sig_bytes=71      exposure=40 chunks OK
  classical-ecdhe per_chunk        tokens=50    chunk=5    k=None rep=1 -> ttft=140.2ms sig_bytes=780     exposure=1 chunks OK
  classical-ecdhe per_chunk        tokens=50    chunk=5    k=None rep=2 -> ttft=135.3ms sig_bytes=779     exposure=1 chunks OK
  classical-ecdhe per_chunk        tokens=50    chunk=5    k=None rep=3 -> ttft=137.0ms sig_bytes=784     exposure=1 chunks OK
  classical-ecdhe per_chunk        tokens=50    chunk=5    k=None rep=4 -> ttft=137.5ms sig_bytes=784     exposure=1 chunks OK
  classical-ecdhe per_chunk        tokens=50    chunk=5    k=None rep=5 -> ttft=134.5ms sig_bytes=782     exposure=1 chunks OK
  classical-ecdhe per_chunk        tokens=50    chunk=5    k=None rep=6 -> ttft=134.5ms sig_bytes=779     exposure=1 chunks OK
  classical-ecdhe per_chunk        tokens=50    chunk=5    k=None rep=7 -> ttft=134.2ms sig_bytes=777     exposure=1 chunks OK
  classical-ecdhe per_chunk        tokens=50    chunk=5    k=None rep=8 -> ttft=134.9ms sig_bytes=779     exposure=1 chunks OK
  classical-ecdhe per_chunk        tokens=50    chunk=5    k=None rep=9 -> ttft=134.2ms sig_bytes=779     exposure=1 chunks OK
  classical-ecdhe per_chunk        tokens=50    chunk=5    k=None rep=10 -> ttft=135.9ms sig_bytes=785     exposure=1 chunks OK
  classical-ecdhe buffer_and_sign  tokens=200   chunk=5    k=None rep=1 -> ttft=5409.2ms sig_bytes=71      exposure=0 chunks OK
  classical-ecdhe buffer_and_sign  tokens=200   chunk=5    k=None rep=2 -> ttft=5388.4ms sig_bytes=71      exposure=0 chunks OK
  classical-ecdhe buffer_and_sign  tokens=200   chunk=5    k=None rep=3 -> ttft=5343.0ms sig_bytes=70      exposure=0 chunks OK
  classical-ecdhe buffer_and_sign  tokens=200   chunk=5    k=None rep=4 -> ttft=5324.7ms sig_bytes=71      exposure=0 chunks OK
  classical-ecdhe buffer_and_sign  tokens=200   chunk=5    k=None rep=5 -> ttft=5308.6ms sig_bytes=70      exposure=0 chunks OK
  classical-ecdhe buffer_and_sign  tokens=200   chunk=5    k=None rep=6 -> ttft=5310.7ms sig_bytes=71      exposure=0 chunks OK
  classical-ecdhe buffer_and_sign  tokens=200   chunk=5    k=None rep=7 -> ttft=5322.2ms sig_bytes=70      exposure=0 chunks OK
  classical-ecdhe buffer_and_sign  tokens=200   chunk=5    k=None rep=8 -> ttft=5536.0ms sig_bytes=71      exposure=0 chunks OK
  classical-ecdhe buffer_and_sign  tokens=200   chunk=5    k=None rep=9 -> ttft=5625.2ms sig_bytes=71      exposure=0 chunks OK
  classical-ecdhe buffer_and_sign  tokens=200   chunk=5    k=None rep=10 -> ttft=5571.0ms sig_bytes=72      exposure=0 chunks OK
Wrote 60 rows to /Users/manav/Documents/pq-shield/results/streaming/classical-ecdhe-streaming-20261002T174823.csv
Stopping server: classical-ecdhe

=== Starting server: hybrid (api.server_config_b:app) ===
Server healthy (pid=35136).
  (1 warm-up transaction(s) discarded)
  hybrid     buffer_and_sign  tokens=50    chunk=5    k=None rep=1 -> ttft=1234.9ms sig_bytes=71      exposure=0 chunks OK
  hybrid     buffer_and_sign  tokens=50    chunk=5    k=None rep=2 -> ttft=1232.7ms sig_bytes=71      exposure=0 chunks OK
  hybrid     buffer_and_sign  tokens=50    chunk=5    k=None rep=3 -> ttft=1233.5ms sig_bytes=71      exposure=0 chunks OK
  hybrid     buffer_and_sign  tokens=50    chunk=5    k=None rep=4 -> ttft=1234.3ms sig_bytes=71      exposure=0 chunks OK
  hybrid     buffer_and_sign  tokens=50    chunk=5    k=None rep=5 -> ttft=1241.1ms sig_bytes=72      exposure=0 chunks OK
  hybrid     buffer_and_sign  tokens=50    chunk=5    k=None rep=6 -> ttft=1477.5ms sig_bytes=71      exposure=0 chunks OK
  hybrid     buffer_and_sign  tokens=50    chunk=5    k=None rep=7 -> ttft=1473.9ms sig_bytes=71      exposure=0 chunks OK
  hybrid     buffer_and_sign  tokens=50    chunk=5    k=None rep=8 -> ttft=1312.9ms sig_bytes=71      exposure=0 chunks OK
  hybrid     buffer_and_sign  tokens=50    chunk=5    k=None rep=9 -> ttft=1333.1ms sig_bytes=71      exposure=0 chunks OK
  hybrid     buffer_and_sign  tokens=50    chunk=5    k=None rep=10 -> ttft=1382.7ms sig_bytes=70      exposure=0 chunks OK
  hybrid     per_chunk        tokens=200   chunk=5    k=None rep=1 -> ttft=138.7ms sig_bytes=2912    exposure=1 chunks OK
  hybrid     per_chunk        tokens=200   chunk=5    k=None rep=2 -> ttft=137.5ms sig_bytes=2918    exposure=1 chunks OK
  hybrid     per_chunk        tokens=200   chunk=5    k=None rep=3 -> ttft=138.7ms sig_bytes=2916    exposure=1 chunks OK
  hybrid     per_chunk        tokens=200   chunk=5    k=None rep=4 -> ttft=139.0ms sig_bytes=2907    exposure=1 chunks OK
  hybrid     per_chunk        tokens=200   chunk=5    k=None rep=5 -> ttft=139.9ms sig_bytes=2917    exposure=1 chunks OK
  hybrid     per_chunk        tokens=200   chunk=5    k=None rep=6 -> ttft=147.4ms sig_bytes=2905    exposure=1 chunks OK
  hybrid     per_chunk        tokens=200   chunk=5    k=None rep=7 -> ttft=143.2ms sig_bytes=2918    exposure=1 chunks OK
  hybrid     per_chunk        tokens=200   chunk=5    k=None rep=8 -> ttft=141.5ms sig_bytes=2900    exposure=1 chunks OK
  hybrid     per_chunk        tokens=200   chunk=5    k=None rep=9 -> ttft=141.1ms sig_bytes=2907    exposure=1 chunks OK
  hybrid     per_chunk        tokens=200   chunk=5    k=None rep=10 -> ttft=144.5ms sig_bytes=2906    exposure=1 chunks OK
  hybrid     per_chunk        tokens=50    chunk=5    k=None rep=1 -> ttft=141.7ms sig_bytes=783     exposure=1 chunks OK
  hybrid     per_chunk        tokens=50    chunk=5    k=None rep=2 -> ttft=143.5ms sig_bytes=778     exposure=1 chunks OK
  hybrid     per_chunk        tokens=50    chunk=5    k=None rep=3 -> ttft=142.5ms sig_bytes=784     exposure=1 chunks OK
  hybrid     per_chunk        tokens=50    chunk=5    k=None rep=4 -> ttft=141.1ms sig_bytes=782     exposure=1 chunks OK
  hybrid     per_chunk        tokens=50    chunk=5    k=None rep=5 -> ttft=140.3ms sig_bytes=782     exposure=1 chunks OK
  hybrid     per_chunk        tokens=50    chunk=5    k=None rep=6 -> ttft=144.3ms sig_bytes=783     exposure=1 chunks OK
  hybrid     per_chunk        tokens=50    chunk=5    k=None rep=7 -> ttft=143.5ms sig_bytes=788     exposure=1 chunks OK
  hybrid     per_chunk        tokens=50    chunk=5    k=None rep=8 -> ttft=140.3ms sig_bytes=782     exposure=1 chunks OK
  hybrid     per_chunk        tokens=50    chunk=5    k=None rep=9 -> ttft=143.3ms sig_bytes=782     exposure=1 chunks OK
  hybrid     per_chunk        tokens=50    chunk=5    k=None rep=10 -> ttft=144.5ms sig_bytes=780     exposure=1 chunks OK
  hybrid     buffer_and_sign  tokens=200   chunk=5    k=None rep=1 -> ttft=5911.4ms sig_bytes=71      exposure=0 chunks OK
  hybrid     buffer_and_sign  tokens=200   chunk=5    k=None rep=2 -> ttft=5675.1ms sig_bytes=71      exposure=0 chunks OK
  hybrid     buffer_and_sign  tokens=200   chunk=5    k=None rep=3 -> ttft=5683.1ms sig_bytes=72      exposure=0 chunks OK
  hybrid     buffer_and_sign  tokens=200   chunk=5    k=None rep=4 -> ttft=5689.6ms sig_bytes=71      exposure=0 chunks OK
  hybrid     buffer_and_sign  tokens=200   chunk=5    k=None rep=5 -> ttft=5657.0ms sig_bytes=72      exposure=0 chunks OK
  hybrid     buffer_and_sign  tokens=200   chunk=5    k=None rep=6 -> ttft=5694.5ms sig_bytes=71      exposure=0 chunks OK
  hybrid     buffer_and_sign  tokens=200   chunk=5    k=None rep=7 -> ttft=5663.0ms sig_bytes=72      exposure=0 chunks OK
  hybrid     buffer_and_sign  tokens=200   chunk=5    k=None rep=8 -> ttft=5626.3ms sig_bytes=70      exposure=0 chunks OK
  hybrid     buffer_and_sign  tokens=200   chunk=5    k=None rep=9 -> ttft=5616.9ms sig_bytes=72      exposure=0 chunks OK
  hybrid     buffer_and_sign  tokens=200   chunk=5    k=None rep=10 -> ttft=5618.9ms sig_bytes=71      exposure=0 chunks OK
  hybrid     hash_chain       tokens=50    chunk=5    k=None rep=1 -> ttft=140.1ms sig_bytes=71      exposure=10 chunks OK
  hybrid     hash_chain       tokens=50    chunk=5    k=None rep=2 -> ttft=142.5ms sig_bytes=71      exposure=10 chunks OK
  hybrid     hash_chain       tokens=50    chunk=5    k=None rep=3 -> ttft=138.9ms sig_bytes=70      exposure=10 chunks OK
  hybrid     hash_chain       tokens=50    chunk=5    k=None rep=4 -> ttft=135.9ms sig_bytes=70      exposure=10 chunks OK
  hybrid     hash_chain       tokens=50    chunk=5    k=None rep=5 -> ttft=138.2ms sig_bytes=71      exposure=10 chunks OK
  hybrid     hash_chain       tokens=50    chunk=5    k=None rep=6 -> ttft=135.6ms sig_bytes=71      exposure=10 chunks OK
  hybrid     hash_chain       tokens=50    chunk=5    k=None rep=7 -> ttft=137.5ms sig_bytes=72      exposure=10 chunks OK
  hybrid     hash_chain       tokens=50    chunk=5    k=None rep=8 -> ttft=138.2ms sig_bytes=71      exposure=10 chunks OK
  hybrid     hash_chain       tokens=50    chunk=5    k=None rep=9 -> ttft=136.5ms sig_bytes=70      exposure=10 chunks OK
  hybrid     hash_chain       tokens=50    chunk=5    k=None rep=10 -> ttft=137.1ms sig_bytes=71      exposure=10 chunks OK
  hybrid     hash_chain       tokens=200   chunk=5    k=None rep=1 -> ttft=137.6ms sig_bytes=71      exposure=40 chunks OK
  hybrid     hash_chain       tokens=200   chunk=5    k=None rep=2 -> ttft=143.8ms sig_bytes=71      exposure=40 chunks OK
  hybrid     hash_chain       tokens=200   chunk=5    k=None rep=3 -> ttft=134.6ms sig_bytes=71      exposure=40 chunks OK
  hybrid     hash_chain       tokens=200   chunk=5    k=None rep=4 -> ttft=137.1ms sig_bytes=72      exposure=40 chunks OK
  hybrid     hash_chain       tokens=200   chunk=5    k=None rep=5 -> ttft=140.0ms sig_bytes=72      exposure=40 chunks OK
  hybrid     hash_chain       tokens=200   chunk=5    k=None rep=6 -> ttft=140.0ms sig_bytes=71      exposure=40 chunks OK
  hybrid     hash_chain       tokens=200   chunk=5    k=None rep=7 -> ttft=143.5ms sig_bytes=72      exposure=40 chunks OK
  hybrid     hash_chain       tokens=200   chunk=5    k=None rep=8 -> ttft=142.9ms sig_bytes=71      exposure=40 chunks OK
  hybrid     hash_chain       tokens=200   chunk=5    k=None rep=9 -> ttft=143.5ms sig_bytes=70      exposure=40 chunks OK
  hybrid     hash_chain       tokens=200   chunk=5    k=None rep=10 -> ttft=133.8ms sig_bytes=71      exposure=40 chunks OK
Wrote 60 rows to /Users/manav/Documents/pq-shield/results/streaming/hybrid-streaming-20261002T174823.csv
Stopping server: hybrid

=== Starting server: hybrid-kex (api.server_config_hybridkex:app) ===
Server healthy (pid=35717).
  (1 warm-up transaction(s) discarded)
  hybrid-kex buffer_and_sign  tokens=200   chunk=5    k=None rep=1 -> ttft=5583.9ms sig_bytes=72      exposure=0 chunks OK
  hybrid-kex buffer_and_sign  tokens=200   chunk=5    k=None rep=2 -> ttft=5904.8ms sig_bytes=70      exposure=0 chunks OK
  hybrid-kex buffer_and_sign  tokens=200   chunk=5    k=None rep=3 -> ttft=6034.1ms sig_bytes=70      exposure=0 chunks OK
  hybrid-kex buffer_and_sign  tokens=200   chunk=5    k=None rep=4 -> ttft=6008.6ms sig_bytes=71      exposure=0 chunks OK
  hybrid-kex buffer_and_sign  tokens=200   chunk=5    k=None rep=5 -> ttft=6126.5ms sig_bytes=72      exposure=0 chunks OK
  hybrid-kex buffer_and_sign  tokens=200   chunk=5    k=None rep=6 -> ttft=6005.8ms sig_bytes=71      exposure=0 chunks OK
  hybrid-kex buffer_and_sign  tokens=200   chunk=5    k=None rep=7 -> ttft=6151.3ms sig_bytes=72      exposure=0 chunks OK
  hybrid-kex buffer_and_sign  tokens=200   chunk=5    k=None rep=8 -> ttft=6148.7ms sig_bytes=71      exposure=0 chunks OK
  hybrid-kex buffer_and_sign  tokens=200   chunk=5    k=None rep=9 -> ttft=6276.2ms sig_bytes=70      exposure=0 chunks OK
  hybrid-kex buffer_and_sign  tokens=200   chunk=5    k=None rep=10 -> ttft=5996.1ms sig_bytes=71      exposure=0 chunks OK
  hybrid-kex hash_chain       tokens=50    chunk=5    k=None rep=1 -> ttft=155.3ms sig_bytes=70      exposure=10 chunks OK
  hybrid-kex hash_chain       tokens=50    chunk=5    k=None rep=2 -> ttft=143.7ms sig_bytes=70      exposure=10 chunks OK
  hybrid-kex hash_chain       tokens=50    chunk=5    k=None rep=3 -> ttft=176.8ms sig_bytes=69      exposure=10 chunks OK
  hybrid-kex hash_chain       tokens=50    chunk=5    k=None rep=4 -> ttft=155.1ms sig_bytes=71      exposure=10 chunks OK
  hybrid-kex hash_chain       tokens=50    chunk=5    k=None rep=5 -> ttft=154.3ms sig_bytes=70      exposure=10 chunks OK
  hybrid-kex hash_chain       tokens=50    chunk=5    k=None rep=6 -> ttft=152.3ms sig_bytes=70      exposure=10 chunks OK
  hybrid-kex hash_chain       tokens=50    chunk=5    k=None rep=7 -> ttft=144.6ms sig_bytes=71      exposure=10 chunks OK
  hybrid-kex hash_chain       tokens=50    chunk=5    k=None rep=8 -> ttft=137.2ms sig_bytes=70      exposure=10 chunks OK
  hybrid-kex hash_chain       tokens=50    chunk=5    k=None rep=9 -> ttft=166.4ms sig_bytes=72      exposure=10 chunks OK
  hybrid-kex hash_chain       tokens=50    chunk=5    k=None rep=10 -> ttft=143.1ms sig_bytes=72      exposure=10 chunks OK
  hybrid-kex per_chunk        tokens=50    chunk=5    k=None rep=1 -> ttft=150.3ms sig_bytes=781     exposure=1 chunks OK
  hybrid-kex per_chunk        tokens=50    chunk=5    k=None rep=2 -> ttft=141.5ms sig_bytes=782     exposure=1 chunks OK
  hybrid-kex per_chunk        tokens=50    chunk=5    k=None rep=3 -> ttft=167.6ms sig_bytes=779     exposure=1 chunks OK
  hybrid-kex per_chunk        tokens=50    chunk=5    k=None rep=4 -> ttft=140.4ms sig_bytes=779     exposure=1 chunks OK
  hybrid-kex per_chunk        tokens=50    chunk=5    k=None rep=5 -> ttft=146.5ms sig_bytes=784     exposure=1 chunks OK
  hybrid-kex per_chunk        tokens=50    chunk=5    k=None rep=6 -> ttft=140.5ms sig_bytes=778     exposure=1 chunks OK
  hybrid-kex per_chunk        tokens=50    chunk=5    k=None rep=7 -> ttft=149.3ms sig_bytes=785     exposure=1 chunks OK
  hybrid-kex per_chunk        tokens=50    chunk=5    k=None rep=8 -> ttft=146.6ms sig_bytes=784     exposure=1 chunks OK
  hybrid-kex per_chunk        tokens=50    chunk=5    k=None rep=9 -> ttft=144.0ms sig_bytes=783     exposure=1 chunks OK
  hybrid-kex per_chunk        tokens=50    chunk=5    k=None rep=10 -> ttft=141.7ms sig_bytes=783     exposure=1 chunks OK
  hybrid-kex per_chunk        tokens=200   chunk=5    k=None rep=1 -> ttft=145.6ms sig_bytes=2914    exposure=1 chunks OK
  hybrid-kex per_chunk        tokens=200   chunk=5    k=None rep=2 -> ttft=143.6ms sig_bytes=2914    exposure=1 chunks OK
  hybrid-kex per_chunk        tokens=200   chunk=5    k=None rep=3 -> ttft=143.9ms sig_bytes=2910    exposure=1 chunks OK
  hybrid-kex per_chunk        tokens=200   chunk=5    k=None rep=4 -> ttft=143.5ms sig_bytes=2909    exposure=1 chunks OK
  hybrid-kex per_chunk        tokens=200   chunk=5    k=None rep=5 -> ttft=146.1ms sig_bytes=2904    exposure=1 chunks OK
  hybrid-kex per_chunk        tokens=200   chunk=5    k=None rep=6 -> ttft=142.9ms sig_bytes=2910    exposure=1 chunks OK
  hybrid-kex per_chunk        tokens=200   chunk=5    k=None rep=7 -> ttft=142.4ms sig_bytes=2907    exposure=1 chunks OK
  hybrid-kex per_chunk        tokens=200   chunk=5    k=None rep=8 -> ttft=143.5ms sig_bytes=2907    exposure=1 chunks OK
  hybrid-kex per_chunk        tokens=200   chunk=5    k=None rep=9 -> ttft=147.1ms sig_bytes=2916    exposure=1 chunks OK
  hybrid-kex per_chunk        tokens=200   chunk=5    k=None rep=10 -> ttft=147.6ms sig_bytes=2907    exposure=1 chunks OK
  hybrid-kex buffer_and_sign  tokens=50    chunk=5    k=None rep=1 -> ttft=1469.2ms sig_bytes=72      exposure=0 chunks OK
  hybrid-kex buffer_and_sign  tokens=50    chunk=5    k=None rep=2 -> ttft=1432.8ms sig_bytes=71      exposure=0 chunks OK
  hybrid-kex buffer_and_sign  tokens=50    chunk=5    k=None rep=3 -> ttft=1541.6ms sig_bytes=71      exposure=0 chunks OK
  hybrid-kex buffer_and_sign  tokens=50    chunk=5    k=None rep=4 -> ttft=1435.6ms sig_bytes=72      exposure=0 chunks OK
  hybrid-kex buffer_and_sign  tokens=50    chunk=5    k=None rep=5 -> ttft=1441.7ms sig_bytes=70      exposure=0 chunks OK
  hybrid-kex buffer_and_sign  tokens=50    chunk=5    k=None rep=6 -> ttft=1565.7ms sig_bytes=70      exposure=0 chunks OK
  hybrid-kex buffer_and_sign  tokens=50    chunk=5    k=None rep=7 -> ttft=1376.6ms sig_bytes=71      exposure=0 chunks OK
  hybrid-kex buffer_and_sign  tokens=50    chunk=5    k=None rep=8 -> ttft=1569.6ms sig_bytes=70      exposure=0 chunks OK
  hybrid-kex buffer_and_sign  tokens=50    chunk=5    k=None rep=9 -> ttft=1402.7ms sig_bytes=71      exposure=0 chunks OK
  hybrid-kex buffer_and_sign  tokens=50    chunk=5    k=None rep=10 -> ttft=1489.8ms sig_bytes=71      exposure=0 chunks OK
  hybrid-kex hash_chain       tokens=200   chunk=5    k=None rep=1 -> ttft=147.9ms sig_bytes=71      exposure=40 chunks OK
  hybrid-kex hash_chain       tokens=200   chunk=5    k=None rep=2 -> ttft=139.4ms sig_bytes=71      exposure=40 chunks OK
  hybrid-kex hash_chain       tokens=200   chunk=5    k=None rep=3 -> ttft=159.0ms sig_bytes=72      exposure=40 chunks OK
  hybrid-kex hash_chain       tokens=200   chunk=5    k=None rep=4 -> ttft=150.4ms sig_bytes=72      exposure=40 chunks OK
  hybrid-kex hash_chain       tokens=200   chunk=5    k=None rep=5 -> ttft=142.5ms sig_bytes=70      exposure=40 chunks OK
  hybrid-kex hash_chain       tokens=200   chunk=5    k=None rep=6 -> ttft=152.6ms sig_bytes=72      exposure=40 chunks OK
  hybrid-kex hash_chain       tokens=200   chunk=5    k=None rep=7 -> ttft=157.0ms sig_bytes=72      exposure=40 chunks OK
  hybrid-kex hash_chain       tokens=200   chunk=5    k=None rep=8 -> ttft=137.7ms sig_bytes=70      exposure=40 chunks OK
  hybrid-kex hash_chain       tokens=200   chunk=5    k=None rep=9 -> ttft=136.1ms sig_bytes=70      exposure=40 chunks OK
  hybrid-kex hash_chain       tokens=200   chunk=5    k=None rep=10 -> ttft=143.1ms sig_bytes=71      exposure=40 chunks OK
Wrote 60 rows to /Users/manav/Documents/pq-shield/results/streaming/hybrid-kex-streaming-20261002T174823.csv
Stopping server: hybrid-kex

=== Starting server: full-pqc (api.server_config_c:app) ===
Server healthy (pid=36357).
  (1 warm-up transaction(s) discarded)
  full-pqc   per_chunk        tokens=50    chunk=5    k=None rep=1 -> ttft=125.8ms sig_bytes=36399   exposure=1 chunks OK
  full-pqc   per_chunk        tokens=50    chunk=5    k=None rep=2 -> ttft=131.3ms sig_bytes=36399   exposure=1 chunks OK
  full-pqc   per_chunk        tokens=50    chunk=5    k=None rep=3 -> ttft=163.1ms sig_bytes=36399   exposure=1 chunks OK
  full-pqc   per_chunk        tokens=50    chunk=5    k=None rep=4 -> ttft=132.5ms sig_bytes=36399   exposure=1 chunks OK
  full-pqc   per_chunk        tokens=50    chunk=5    k=None rep=5 -> ttft=160.6ms sig_bytes=36399   exposure=1 chunks OK
  full-pqc   per_chunk        tokens=50    chunk=5    k=None rep=6 -> ttft=134.9ms sig_bytes=36399   exposure=1 chunks OK
  full-pqc   per_chunk        tokens=50    chunk=5    k=None rep=7 -> ttft=172.9ms sig_bytes=36399   exposure=1 chunks OK
  full-pqc   per_chunk        tokens=50    chunk=5    k=None rep=8 -> ttft=142.1ms sig_bytes=36399   exposure=1 chunks OK
  full-pqc   per_chunk        tokens=50    chunk=5    k=None rep=9 -> ttft=141.7ms sig_bytes=36399   exposure=1 chunks OK
  full-pqc   per_chunk        tokens=50    chunk=5    k=None rep=10 -> ttft=163.7ms sig_bytes=36399   exposure=1 chunks OK
  full-pqc   hash_chain       tokens=200   chunk=5    k=None rep=1 -> ttft=145.8ms sig_bytes=3309    exposure=40 chunks OK
  full-pqc   hash_chain       tokens=200   chunk=5    k=None rep=2 -> ttft=174.1ms sig_bytes=3309    exposure=40 chunks OK
  full-pqc   hash_chain       tokens=200   chunk=5    k=None rep=3 -> ttft=160.6ms sig_bytes=3309    exposure=40 chunks OK
  full-pqc   hash_chain       tokens=200   chunk=5    k=None rep=4 -> ttft=137.5ms sig_bytes=3309    exposure=40 chunks OK
  full-pqc   hash_chain       tokens=200   chunk=5    k=None rep=5 -> ttft=141.5ms sig_bytes=3309    exposure=40 chunks OK
  full-pqc   hash_chain       tokens=200   chunk=5    k=None rep=6 -> ttft=145.7ms sig_bytes=3309    exposure=40 chunks OK
  full-pqc   hash_chain       tokens=200   chunk=5    k=None rep=7 -> ttft=163.8ms sig_bytes=3309    exposure=40 chunks OK
  full-pqc   hash_chain       tokens=200   chunk=5    k=None rep=8 -> ttft=151.1ms sig_bytes=3309    exposure=40 chunks OK
  full-pqc   hash_chain       tokens=200   chunk=5    k=None rep=9 -> ttft=138.2ms sig_bytes=3309    exposure=40 chunks OK
  full-pqc   hash_chain       tokens=200   chunk=5    k=None rep=10 -> ttft=163.4ms sig_bytes=3309    exposure=40 chunks OK
  full-pqc   hash_chain       tokens=50    chunk=5    k=None rep=1 -> ttft=143.3ms sig_bytes=3309    exposure=10 chunks OK
  full-pqc   hash_chain       tokens=50    chunk=5    k=None rep=2 -> ttft=162.4ms sig_bytes=3309    exposure=10 chunks OK
  full-pqc   hash_chain       tokens=50    chunk=5    k=None rep=3 -> ttft=141.6ms sig_bytes=3309    exposure=10 chunks OK
  full-pqc   hash_chain       tokens=50    chunk=5    k=None rep=4 -> ttft=166.3ms sig_bytes=3309    exposure=10 chunks OK
  full-pqc   hash_chain       tokens=50    chunk=5    k=None rep=5 -> ttft=140.7ms sig_bytes=3309    exposure=10 chunks OK
  full-pqc   hash_chain       tokens=50    chunk=5    k=None rep=6 -> ttft=160.3ms sig_bytes=3309    exposure=10 chunks OK
  full-pqc   hash_chain       tokens=50    chunk=5    k=None rep=7 -> ttft=159.7ms sig_bytes=3309    exposure=10 chunks OK
  full-pqc   hash_chain       tokens=50    chunk=5    k=None rep=8 -> ttft=142.3ms sig_bytes=3309    exposure=10 chunks OK
  full-pqc   hash_chain       tokens=50    chunk=5    k=None rep=9 -> ttft=147.0ms sig_bytes=3309    exposure=10 chunks OK
  full-pqc   hash_chain       tokens=50    chunk=5    k=None rep=10 -> ttft=158.1ms sig_bytes=3309    exposure=10 chunks OK
  full-pqc   buffer_and_sign  tokens=200   chunk=5    k=None rep=1 -> ttft=6106.7ms sig_bytes=3309    exposure=0 chunks OK
  full-pqc   buffer_and_sign  tokens=200   chunk=5    k=None rep=2 -> ttft=6067.6ms sig_bytes=3309    exposure=0 chunks OK
  full-pqc   buffer_and_sign  tokens=200   chunk=5    k=None rep=3 -> ttft=6087.1ms sig_bytes=3309    exposure=0 chunks OK
  full-pqc   buffer_and_sign  tokens=200   chunk=5    k=None rep=4 -> ttft=6064.7ms sig_bytes=3309    exposure=0 chunks OK
  full-pqc   buffer_and_sign  tokens=200   chunk=5    k=None rep=5 -> ttft=6082.9ms sig_bytes=3309    exposure=0 chunks OK
  full-pqc   buffer_and_sign  tokens=200   chunk=5    k=None rep=6 -> ttft=5988.8ms sig_bytes=3309    exposure=0 chunks OK
  full-pqc   buffer_and_sign  tokens=200   chunk=5    k=None rep=7 -> ttft=6026.2ms sig_bytes=3309    exposure=0 chunks OK
  full-pqc   buffer_and_sign  tokens=200   chunk=5    k=None rep=8 -> ttft=6273.5ms sig_bytes=3309    exposure=0 chunks OK
  full-pqc   buffer_and_sign  tokens=200   chunk=5    k=None rep=9 -> ttft=6102.6ms sig_bytes=3309    exposure=0 chunks OK
  full-pqc   buffer_and_sign  tokens=200   chunk=5    k=None rep=10 -> ttft=6127.0ms sig_bytes=3309    exposure=0 chunks OK
  full-pqc   per_chunk        tokens=200   chunk=5    k=None rep=1 -> ttft=145.7ms sig_bytes=135669  exposure=1 chunks OK
  full-pqc   per_chunk        tokens=200   chunk=5    k=None rep=2 -> ttft=155.8ms sig_bytes=135669  exposure=1 chunks OK
  full-pqc   per_chunk        tokens=200   chunk=5    k=None rep=3 -> ttft=164.3ms sig_bytes=135669  exposure=1 chunks OK
  full-pqc   per_chunk        tokens=200   chunk=5    k=None rep=4 -> ttft=159.6ms sig_bytes=135669  exposure=1 chunks OK
  full-pqc   per_chunk        tokens=200   chunk=5    k=None rep=5 -> ttft=142.6ms sig_bytes=135669  exposure=1 chunks OK
  full-pqc   per_chunk        tokens=200   chunk=5    k=None rep=6 -> ttft=167.1ms sig_bytes=135669  exposure=1 chunks OK
  full-pqc   per_chunk        tokens=200   chunk=5    k=None rep=7 -> ttft=147.7ms sig_bytes=135669  exposure=1 chunks OK
  full-pqc   per_chunk        tokens=200   chunk=5    k=None rep=8 -> ttft=146.6ms sig_bytes=135669  exposure=1 chunks OK
  full-pqc   per_chunk        tokens=200   chunk=5    k=None rep=9 -> ttft=159.7ms sig_bytes=135669  exposure=1 chunks OK
  full-pqc   per_chunk        tokens=200   chunk=5    k=None rep=10 -> ttft=150.4ms sig_bytes=135669  exposure=1 chunks OK
  full-pqc   buffer_and_sign  tokens=50    chunk=5    k=None rep=1 -> ttft=1597.6ms sig_bytes=3309    exposure=0 chunks OK
  full-pqc   buffer_and_sign  tokens=50    chunk=5    k=None rep=2 -> ttft=1487.3ms sig_bytes=3309    exposure=0 chunks OK
  full-pqc   buffer_and_sign  tokens=50    chunk=5    k=None rep=3 -> ttft=1560.5ms sig_bytes=3309    exposure=0 chunks OK
  full-pqc   buffer_and_sign  tokens=50    chunk=5    k=None rep=4 -> ttft=1530.8ms sig_bytes=3309    exposure=0 chunks OK
  full-pqc   buffer_and_sign  tokens=50    chunk=5    k=None rep=5 -> ttft=1540.9ms sig_bytes=3309    exposure=0 chunks OK
  full-pqc   buffer_and_sign  tokens=50    chunk=5    k=None rep=6 -> ttft=1529.1ms sig_bytes=3309    exposure=0 chunks OK
  full-pqc   buffer_and_sign  tokens=50    chunk=5    k=None rep=7 -> ttft=1592.9ms sig_bytes=3309    exposure=0 chunks OK
  full-pqc   buffer_and_sign  tokens=50    chunk=5    k=None rep=8 -> ttft=1429.7ms sig_bytes=3309    exposure=0 chunks OK
  full-pqc   buffer_and_sign  tokens=50    chunk=5    k=None rep=9 -> ttft=1640.0ms sig_bytes=3309    exposure=0 chunks OK
  full-pqc   buffer_and_sign  tokens=50    chunk=5    k=None rep=10 -> ttft=1497.2ms sig_bytes=3309    exposure=0 chunks OK
Wrote 60 rows to /Users/manav/Documents/pq-shield/results/streaming/full-pqc-streaming-20261002T174823.csv
Stopping server: full-pqc

Wrote per-transaction summary (incl. resource usage) to /Users/manav/Documents/pq-shield/results/sweep_summaries/20261002T174823.json

[18:06:33] STEP 6 done in 18.2 min

[18:06:33] === STEP 8: streaming sequence attacks (Llama) ===

=== Starting server: classical (api.server_config_a:app) ===
Server healthy (pid=37038).
  classical  buffer_and_sign  drop     -> n/a
  classical  per_chunk        drop     -> detected=100% mid_stream=100% fraction_delivered_before_detection=0.55
  classical  per_chunk        reorder  -> detected=100% mid_stream=100% fraction_delivered_before_detection=0.50
  classical  per_chunk        duplicate -> detected=100% mid_stream=100% fraction_delivered_before_detection=0.54
  classical  per_chunk        replay   -> detected=100% mid_stream=100% fraction_delivered_before_detection=0.50
  classical  per_chunk        truncate -> detected=100% mid_stream=0% fraction_delivered_before_detection=1.00
  classical  hash_chain       drop     -> detected=100% mid_stream=0% fraction_delivered_before_detection=1.00
  classical  hash_chain       reorder  -> detected=100% mid_stream=0% fraction_delivered_before_detection=1.00
  classical  hash_chain       duplicate -> detected=100% mid_stream=0% fraction_delivered_before_detection=1.00
  classical  hash_chain       replay   -> detected=100% mid_stream=100% fraction_delivered_before_detection=0.50
  classical  hash_chain       truncate -> detected=100% mid_stream=0% fraction_delivered_before_detection=1.00
Stopping server: classical

=== Starting server: classical-ecdhe (api.server_config_ecdhe:app) ===
Server healthy (pid=37616).
  classical_ecdhe buffer_and_sign  drop     -> n/a
  classical_ecdhe per_chunk        drop     -> detected=100% mid_stream=100% fraction_delivered_before_detection=0.55
  classical_ecdhe per_chunk        reorder  -> detected=100% mid_stream=100% fraction_delivered_before_detection=0.50
  classical_ecdhe per_chunk        duplicate -> detected=100% mid_stream=100% fraction_delivered_before_detection=0.54
  classical_ecdhe per_chunk        replay   -> detected=100% mid_stream=100% fraction_delivered_before_detection=0.50
  classical_ecdhe per_chunk        truncate -> detected=100% mid_stream=0% fraction_delivered_before_detection=1.00
  classical_ecdhe hash_chain       drop     -> detected=100% mid_stream=0% fraction_delivered_before_detection=1.00
  classical_ecdhe hash_chain       reorder  -> detected=100% mid_stream=0% fraction_delivered_before_detection=1.00
  classical_ecdhe hash_chain       duplicate -> detected=100% mid_stream=0% fraction_delivered_before_detection=1.00
  classical_ecdhe hash_chain       replay   -> detected=100% mid_stream=100% fraction_delivered_before_detection=0.50
  classical_ecdhe hash_chain       truncate -> detected=100% mid_stream=0% fraction_delivered_before_detection=1.00
Stopping server: classical-ecdhe

=== Starting server: hybrid (api.server_config_b:app) ===
Server healthy (pid=38288).
  hybrid     buffer_and_sign  drop     -> n/a
  hybrid     per_chunk        drop     -> detected=100% mid_stream=100% fraction_delivered_before_detection=0.55
  hybrid     per_chunk        reorder  -> detected=100% mid_stream=100% fraction_delivered_before_detection=0.50
  hybrid     per_chunk        duplicate -> detected=100% mid_stream=100% fraction_delivered_before_detection=0.54
  hybrid     per_chunk        replay   -> detected=100% mid_stream=100% fraction_delivered_before_detection=0.50
  hybrid     per_chunk        truncate -> detected=100% mid_stream=0% fraction_delivered_before_detection=1.00
  hybrid     hash_chain       drop     -> detected=100% mid_stream=0% fraction_delivered_before_detection=1.00
  hybrid     hash_chain       reorder  -> detected=100% mid_stream=0% fraction_delivered_before_detection=1.00
  hybrid     hash_chain       duplicate -> detected=100% mid_stream=0% fraction_delivered_before_detection=1.00
  hybrid     hash_chain       replay   -> detected=100% mid_stream=100% fraction_delivered_before_detection=0.50
  hybrid     hash_chain       truncate -> detected=100% mid_stream=0% fraction_delivered_before_detection=1.00
Stopping server: hybrid

=== Starting server: hybrid-kex (api.server_config_hybridkex:app) ===
Server healthy (pid=38931).
  hybrid_kex buffer_and_sign  drop     -> n/a
  hybrid_kex per_chunk        drop     -> detected=100% mid_stream=100% fraction_delivered_before_detection=0.55
  hybrid_kex per_chunk        reorder  -> detected=100% mid_stream=100% fraction_delivered_before_detection=0.50
  hybrid_kex per_chunk        duplicate -> detected=100% mid_stream=100% fraction_delivered_before_detection=0.54
  hybrid_kex per_chunk        replay   -> detected=100% mid_stream=100% fraction_delivered_before_detection=0.50
  hybrid_kex per_chunk        truncate -> detected=100% mid_stream=0% fraction_delivered_before_detection=1.00
  hybrid_kex hash_chain       drop     -> detected=100% mid_stream=0% fraction_delivered_before_detection=1.00
  hybrid_kex hash_chain       reorder  -> detected=100% mid_stream=0% fraction_delivered_before_detection=1.00
  hybrid_kex hash_chain       duplicate -> detected=100% mid_stream=0% fraction_delivered_before_detection=1.00
  hybrid_kex hash_chain       replay   -> detected=100% mid_stream=100% fraction_delivered_before_detection=0.50
  hybrid_kex hash_chain       truncate -> detected=100% mid_stream=0% fraction_delivered_before_detection=1.00
Stopping server: hybrid-kex

=== Starting server: full-pqc (api.server_config_c:app) ===
Server healthy (pid=39491).
  full_pqc   buffer_and_sign  drop     -> n/a
  full_pqc   per_chunk        drop     -> detected=100% mid_stream=100% fraction_delivered_before_detection=0.55
  full_pqc   per_chunk        reorder  -> detected=100% mid_stream=100% fraction_delivered_before_detection=0.50
  full_pqc   per_chunk        duplicate -> detected=100% mid_stream=100% fraction_delivered_before_detection=0.54
  full_pqc   per_chunk        replay   -> detected=100% mid_stream=100% fraction_delivered_before_detection=0.50
  full_pqc   per_chunk        truncate -> detected=100% mid_stream=0% fraction_delivered_before_detection=1.00
  full_pqc   hash_chain       drop     -> detected=100% mid_stream=0% fraction_delivered_before_detection=1.00
  full_pqc   hash_chain       reorder  -> detected=100% mid_stream=0% fraction_delivered_before_detection=1.00
  full_pqc   hash_chain       duplicate -> detected=100% mid_stream=0% fraction_delivered_before_detection=1.00
  full_pqc   hash_chain       replay   -> detected=100% mid_stream=100% fraction_delivered_before_detection=0.50
  full_pqc   hash_chain       truncate -> detected=100% mid_stream=0% fraction_delivered_before_detection=1.00
Stopping server: full-pqc

[18:23:49] STEP 8 done in 17.3 min

[18:23:49] === STEP 9: checkpoint frontier (Llama) ===
run_id=20261002T182349 backend=llama_cpp

=== Starting server: hybrid (api.server_config_b:app) ===
Server healthy (pid=40068).
  (1 warm-up transaction(s) discarded)
  hybrid     hash_chain       tokens=200   chunk=5    k=1 rep=1 -> ttft=144.6ms sig_bytes=2914    exposure=1 chunks OK
  hybrid     hash_chain       tokens=200   chunk=5    k=1 rep=2 -> ttft=195.2ms sig_bytes=2913    exposure=1 chunks OK
  hybrid     hash_chain       tokens=200   chunk=5    k=1 rep=3 -> ttft=164.2ms sig_bytes=2907    exposure=1 chunks OK
  hybrid     hash_chain       tokens=200   chunk=5    k=1 rep=4 -> ttft=164.5ms sig_bytes=2917    exposure=1 chunks OK
  hybrid     hash_chain       tokens=200   chunk=5    k=1 rep=5 -> ttft=200.6ms sig_bytes=2908    exposure=1 chunks OK
  hybrid     hash_chain       tokens=200   chunk=5    k=20 rep=1 -> ttft=195.6ms sig_bytes=212     exposure=20 chunks OK
  hybrid     hash_chain       tokens=200   chunk=5    k=20 rep=2 -> ttft=184.9ms sig_bytes=214     exposure=20 chunks OK
  hybrid     hash_chain       tokens=200   chunk=5    k=20 rep=3 -> ttft=181.8ms sig_bytes=213     exposure=20 chunks OK
  hybrid     hash_chain       tokens=200   chunk=5    k=20 rep=4 -> ttft=176.5ms sig_bytes=212     exposure=20 chunks OK
  hybrid     hash_chain       tokens=200   chunk=5    k=20 rep=5 -> ttft=188.5ms sig_bytes=210     exposure=20 chunks OK
  hybrid     hash_chain       tokens=200   chunk=5    k=2 rep=1 -> ttft=161.6ms sig_bytes=1486    exposure=2 chunks OK
  hybrid     hash_chain       tokens=200   chunk=5    k=2 rep=2 -> ttft=146.2ms sig_bytes=1489    exposure=2 chunks OK
  hybrid     hash_chain       tokens=200   chunk=5    k=2 rep=3 -> ttft=137.8ms sig_bytes=1484    exposure=2 chunks OK
  hybrid     hash_chain       tokens=200   chunk=5    k=2 rep=4 -> ttft=135.7ms sig_bytes=1491    exposure=2 chunks OK
  hybrid     hash_chain       tokens=200   chunk=5    k=2 rep=5 -> ttft=138.7ms sig_bytes=1492    exposure=2 chunks OK
  hybrid     hash_chain       tokens=200   chunk=5    k=5 rep=1 -> ttft=135.8ms sig_bytes=638     exposure=5 chunks OK
  hybrid     hash_chain       tokens=200   chunk=5    k=5 rep=2 -> ttft=134.5ms sig_bytes=639     exposure=5 chunks OK
  hybrid     hash_chain       tokens=200   chunk=5    k=5 rep=3 -> ttft=134.5ms sig_bytes=638     exposure=5 chunks OK
  hybrid     hash_chain       tokens=200   chunk=5    k=5 rep=4 -> ttft=132.5ms sig_bytes=642     exposure=5 chunks OK
  hybrid     hash_chain       tokens=200   chunk=5    k=5 rep=5 -> ttft=133.4ms sig_bytes=640     exposure=5 chunks OK
  hybrid     hash_chain       tokens=200   chunk=5    k=None rep=1 -> ttft=133.0ms sig_bytes=71      exposure=40 chunks OK
  hybrid     hash_chain       tokens=200   chunk=5    k=None rep=2 -> ttft=133.9ms sig_bytes=71      exposure=40 chunks OK
  hybrid     hash_chain       tokens=200   chunk=5    k=None rep=3 -> ttft=132.1ms sig_bytes=71      exposure=40 chunks OK
  hybrid     hash_chain       tokens=200   chunk=5    k=None rep=4 -> ttft=132.2ms sig_bytes=70      exposure=40 chunks OK
  hybrid     hash_chain       tokens=200   chunk=5    k=None rep=5 -> ttft=134.0ms sig_bytes=72      exposure=40 chunks OK
  hybrid     hash_chain       tokens=200   chunk=5    k=10 rep=1 -> ttft=131.1ms sig_bytes=354     exposure=10 chunks OK
  hybrid     hash_chain       tokens=200   chunk=5    k=10 rep=2 -> ttft=130.2ms sig_bytes=355     exposure=10 chunks OK
  hybrid     hash_chain       tokens=200   chunk=5    k=10 rep=3 -> ttft=132.7ms sig_bytes=354     exposure=10 chunks OK
  hybrid     hash_chain       tokens=200   chunk=5    k=10 rep=4 -> ttft=135.4ms sig_bytes=355     exposure=10 chunks OK
  hybrid     hash_chain       tokens=200   chunk=5    k=10 rep=5 -> ttft=144.0ms sig_bytes=357     exposure=10 chunks OK
Wrote 30 rows to /Users/manav/Documents/pq-shield/results/streaming/hybrid-streaming-20261002T182349.csv
Stopping server: hybrid

=== Starting server: full-pqc (api.server_config_c:app) ===
Server healthy (pid=40606).
  (1 warm-up transaction(s) discarded)
  full-pqc   hash_chain       tokens=200   chunk=5    k=1 rep=1 -> ttft=124.8ms sig_bytes=135669  exposure=1 chunks OK
  full-pqc   hash_chain       tokens=200   chunk=5    k=1 rep=2 -> ttft=130.0ms sig_bytes=135669  exposure=1 chunks OK
  full-pqc   hash_chain       tokens=200   chunk=5    k=1 rep=3 -> ttft=137.0ms sig_bytes=135669  exposure=1 chunks OK
  full-pqc   hash_chain       tokens=200   chunk=5    k=1 rep=4 -> ttft=137.9ms sig_bytes=135669  exposure=1 chunks OK
  full-pqc   hash_chain       tokens=200   chunk=5    k=1 rep=5 -> ttft=137.2ms sig_bytes=135669  exposure=1 chunks OK
  full-pqc   hash_chain       tokens=200   chunk=5    k=10 rep=1 -> ttft=146.2ms sig_bytes=16545   exposure=10 chunks OK
  full-pqc   hash_chain       tokens=200   chunk=5    k=10 rep=2 -> ttft=134.7ms sig_bytes=16545   exposure=10 chunks OK
  full-pqc   hash_chain       tokens=200   chunk=5    k=10 rep=3 -> ttft=134.8ms sig_bytes=16545   exposure=10 chunks OK
  full-pqc   hash_chain       tokens=200   chunk=5    k=10 rep=4 -> ttft=135.7ms sig_bytes=16545   exposure=10 chunks OK
  full-pqc   hash_chain       tokens=200   chunk=5    k=10 rep=5 -> ttft=133.8ms sig_bytes=16545   exposure=10 chunks OK
  full-pqc   hash_chain       tokens=200   chunk=5    k=20 rep=1 -> ttft=135.1ms sig_bytes=9927    exposure=20 chunks OK
  full-pqc   hash_chain       tokens=200   chunk=5    k=20 rep=2 -> ttft=134.0ms sig_bytes=9927    exposure=20 chunks OK
  full-pqc   hash_chain       tokens=200   chunk=5    k=20 rep=3 -> ttft=134.4ms sig_bytes=9927    exposure=20 chunks OK
  full-pqc   hash_chain       tokens=200   chunk=5    k=20 rep=4 -> ttft=134.7ms sig_bytes=9927    exposure=20 chunks OK
  full-pqc   hash_chain       tokens=200   chunk=5    k=20 rep=5 -> ttft=133.4ms sig_bytes=9927    exposure=20 chunks OK
  full-pqc   hash_chain       tokens=200   chunk=5    k=2 rep=1 -> ttft=137.4ms sig_bytes=69489   exposure=2 chunks OK
  full-pqc   hash_chain       tokens=200   chunk=5    k=2 rep=2 -> ttft=138.6ms sig_bytes=69489   exposure=2 chunks OK
  full-pqc   hash_chain       tokens=200   chunk=5    k=2 rep=3 -> ttft=140.2ms sig_bytes=69489   exposure=2 chunks OK
  full-pqc   hash_chain       tokens=200   chunk=5    k=2 rep=4 -> ttft=136.7ms sig_bytes=69489   exposure=2 chunks OK
  full-pqc   hash_chain       tokens=200   chunk=5    k=2 rep=5 -> ttft=135.7ms sig_bytes=69489   exposure=2 chunks OK
  full-pqc   hash_chain       tokens=200   chunk=5    k=None rep=1 -> ttft=138.2ms sig_bytes=3309    exposure=40 chunks OK
  full-pqc   hash_chain       tokens=200   chunk=5    k=None rep=2 -> ttft=135.5ms sig_bytes=3309    exposure=40 chunks OK
  full-pqc   hash_chain       tokens=200   chunk=5    k=None rep=3 -> ttft=135.7ms sig_bytes=3309    exposure=40 chunks OK
  full-pqc   hash_chain       tokens=200   chunk=5    k=None rep=4 -> ttft=144.6ms sig_bytes=3309    exposure=40 chunks OK
  full-pqc   hash_chain       tokens=200   chunk=5    k=None rep=5 -> ttft=136.0ms sig_bytes=3309    exposure=40 chunks OK
  full-pqc   hash_chain       tokens=200   chunk=5    k=5 rep=1 -> ttft=141.2ms sig_bytes=29781   exposure=5 chunks OK
  full-pqc   hash_chain       tokens=200   chunk=5    k=5 rep=2 -> ttft=137.5ms sig_bytes=29781   exposure=5 chunks OK
  full-pqc   hash_chain       tokens=200   chunk=5    k=5 rep=3 -> ttft=159.0ms sig_bytes=29781   exposure=5 chunks OK
  full-pqc   hash_chain       tokens=200   chunk=5    k=5 rep=4 -> ttft=150.5ms sig_bytes=29781   exposure=5 chunks OK
  full-pqc   hash_chain       tokens=200   chunk=5    k=5 rep=5 -> ttft=146.3ms sig_bytes=29781   exposure=5 chunks OK
Wrote 30 rows to /Users/manav/Documents/pq-shield/results/streaming/full-pqc-streaming-20261002T182349.csv
Stopping server: full-pqc

Wrote per-transaction summary (incl. resource usage) to /Users/manav/Documents/pq-shield/results/sweep_summaries/20261002T182349.json

[18:29:58] STEP 9 done in 6.2 min

[18:29:58] === STEP 10: checkpoint sequence attacks (Llama) ===

=== Starting server: hybrid (api.server_config_b:app) ===
Server healthy (pid=41121).
  hybrid     hash_chain       drop     -> detected=100% mid_stream=100% fraction_delivered_before_detection=0.51
  hybrid     hash_chain       reorder  -> detected=100% mid_stream=100% fraction_delivered_before_detection=0.50
  hybrid     hash_chain       replay   -> detected=100% mid_stream=100% fraction_delivered_before_detection=0.50
  hybrid     hash_chain       drop     -> detected=100% mid_stream=100% fraction_delivered_before_detection=0.51
  hybrid     hash_chain       reorder  -> detected=100% mid_stream=100% fraction_delivered_before_detection=0.50
  hybrid     hash_chain       replay   -> detected=100% mid_stream=100% fraction_delivered_before_detection=0.50
  hybrid     hash_chain       drop     -> detected=100% mid_stream=100% fraction_delivered_before_detection=0.59
  hybrid     hash_chain       reorder  -> detected=100% mid_stream=100% fraction_delivered_before_detection=0.60
  hybrid     hash_chain       replay   -> detected=100% mid_stream=100% fraction_delivered_before_detection=0.50
  hybrid     hash_chain       drop     -> detected=100% mid_stream=100% fraction_delivered_before_detection=0.72
  hybrid     hash_chain       reorder  -> detected=100% mid_stream=100% fraction_delivered_before_detection=0.72
  hybrid     hash_chain       replay   -> detected=100% mid_stream=100% fraction_delivered_before_detection=0.50
  hybrid     hash_chain       drop     -> detected=100% mid_stream=100% fraction_delivered_before_detection=0.97
  hybrid     hash_chain       reorder  -> detected=100% mid_stream=100% fraction_delivered_before_detection=0.97
  hybrid     hash_chain       replay   -> detected=100% mid_stream=100% fraction_delivered_before_detection=0.50
Stopping server: hybrid

=== Starting server: full-pqc (api.server_config_c:app) ===
Server healthy (pid=42431).
  full_pqc   hash_chain       drop     -> detected=100% mid_stream=100% fraction_delivered_before_detection=0.51
  full_pqc   hash_chain       reorder  -> detected=100% mid_stream=100% fraction_delivered_before_detection=0.50
  full_pqc   hash_chain       replay   -> detected=100% mid_stream=100% fraction_delivered_before_detection=0.50
  full_pqc   hash_chain       drop     -> detected=100% mid_stream=100% fraction_delivered_before_detection=0.51
  full_pqc   hash_chain       reorder  -> detected=100% mid_stream=100% fraction_delivered_before_detection=0.50
  full_pqc   hash_chain       replay   -> detected=100% mid_stream=100% fraction_delivered_before_detection=0.50
  full_pqc   hash_chain       drop     -> detected=100% mid_stream=100% fraction_delivered_before_detection=0.59
  full_pqc   hash_chain       reorder  -> detected=100% mid_stream=100% fraction_delivered_before_detection=0.60
  full_pqc   hash_chain       replay   -> detected=100% mid_stream=100% fraction_delivered_before_detection=0.50
  full_pqc   hash_chain       drop     -> detected=100% mid_stream=100% fraction_delivered_before_detection=0.72
  full_pqc   hash_chain       reorder  -> detected=100% mid_stream=100% fraction_delivered_before_detection=0.72
  full_pqc   hash_chain       replay   -> detected=100% mid_stream=100% fraction_delivered_before_detection=0.50
  full_pqc   hash_chain       drop     -> detected=100% mid_stream=100% fraction_delivered_before_detection=0.97
  full_pqc   hash_chain       reorder  -> detected=100% mid_stream=100% fraction_delivered_before_detection=0.97
  full_pqc   hash_chain       replay   -> detected=100% mid_stream=100% fraction_delivered_before_detection=0.50
Stopping server: full-pqc

[18:46:05] STEP 10 done in 16.1 min

[18:46:05] All done. Failed steps: none. Manifest: /Users/manav/Documents/pq-shield/results/paper_runs.json
[18:46:05] paper_runs exited with 0
